province,province_id,district,district_id,ward,ward_id,ward_level,area,pop_density,population,children_0_14,female_15_54,male_15_59,elders,no_household,no_household_w_home
Thành phố Hà Nội,01,Quận Ba Đình,001,Phường Phúc Xá,00001,Phường,0.894,24.562,"21,946","1,238","7,796","8,321","4,591","5,863","5,855"
Thành phố Hà Nội,01,Quận Ba Đình,001,Phường Trúc Bạch,00004,Phường,0.506,13.962,"7,065",320,"2,301","2,475","1,969","1,948","1,948"
Thành phố Hà Nội,01,Quận Ba Đình,001,Phường Vĩnh Phúc,00006,Phường,0.715,33.376,"23,867","1,486","8,557","8,997","4,827","6,314","6,298"
Thành phố Hà Nội,01,Quận Ba Đình,001,Phường Cống Vị,00007,Phường,0.538,29.723,"15,979",856,"5,577","5,983","3,563","4,357","4,349"
Thành phố Hà Nội,01,Quận Ba Đình,001,Phường Liễu Giai,00008,Phường,0.681,30.974,"21,084","1,153","7,400","7,819","4,712","5,639","5,637"
Thành phố Hà Nội,01,Quận Ba Đình,001,Phường Nguyễn Trung Trực,00010,Phường,0.161,47.739,"7,705",377,"2,651","2,661","2,016","2,127","2,127"
Thành phố Hà Nội,01,Quận Ba Đình,001,Phường Quán Thánh,00013,Phường,0.778,10.188,"7,923",351,"2,404","2,918","2,250","2,078","2,076"
Thành phố Hà Nội,01,Quận Ba Đình,001,Phường Ngọc Hà,00016,Phường,0.824,23.483,"19,357",944,"6,784","7,129","4,500","5,257","5,214"
Thành phố Hà Nội,01,Quận Ba Đình,001,Phường Điện Biên,00019,Phường,0.942,9.464,"8,912",416,"2,907","3,097","2,492","2,463","2,458"
Thành phố Hà Nội,01,Quận Ba Đình,001,Phường Đội Cấn,00022,Phường,0.405,35.503,"14,375",714,"4,939","5,091","3,631","3,812","3,806"
Thành phố Hà Nội,01,Quận Ba Đình,001,Phường Ngọc Khánh,00025,Phường,1.016,20.038,"20,363","1,101","7,384","7,398","4,480","5,847","5,839"
Thành phố Hà Nội,01,Quận Ba Đình,001,Phường Kim Mã,00028,Phường,0.486,29.327,"14,259",694,"5,039","5,142","3,384","4,029","4,018"
Thành phố Hà Nội,01,Quận Ba Đình,001,Phường Giảng Võ,00031,Phường,0.620,28.497,"17,665",829,"6,440","6,609","3,787","5,183","5,182"
Thành phố Hà Nội,01,Quận Ba Đình,001,Phường Thành Công,00034,Phường,0.642,33.302,"21,393","1,145","7,898","7,862","4,488","6,342","6,323"
Thành phố Hà Nội,01,Quận Hoàn Kiếm,002,Phường Phúc Tân,00037,Phường,0.760,22.179,"16,856","3,331","4,966","5,531","3,028","4,638","4,628"
Thành phố Hà Nội,01,Quận Hoàn Kiếm,002,Phường Đồng Xuân,00040,Phường,0.170,55.288,"9,399","1,639","2,735","2,774","2,251","2,402","2,400"
Thành phố Hà Nội,01,Quận Hoàn Kiếm,002,Phường Hàng Mã,00043,Phường,0.150,46.473,"6,971","1,195","1,836","1,962","1,978","1,836","1,834"
Thành phố Hà Nội,01,Quận Hoàn Kiếm,002,Phường Hàng Buồm,00046,Phường,0.130,41.285,"5,367",895,"1,400","1,577","1,495","1,531","1,529"
Thành phố Hà Nội,01,Quận Hoàn Kiếm,002,Phường Hàng Đào,00049,Phường,0.070,77.043,"5,393",863,"1,499","1,530","1,501","1,553","1,553"
Thành phố Hà Nội,01,Quận Hoàn Kiếm,002,Phường Hàng Bồ,00052,Phường,0.090,58.256,"5,243",916,"1,447","1,444","1,436","1,480","1,476"
Thành phố Hà Nội,01,Quận Hoàn Kiếm,002,Phường Cửa Đông,00055,Phường,0.140,44.071,"6,170","1,002","1,668","1,823","1,677","1,802","1,799"
Thành phố Hà Nội,01,Quận Hoàn Kiếm,002,Phường Lý Thái Tổ,00058,Phường,0.230,22.400,"5,152",950,"1,410","1,492","1,300","1,391","1,389"
Thành phố Hà Nội,01,Quận Hoàn Kiếm,002,Phường Hàng Bạc,00061,Phường,0.090,57.711,"5,194",776,"1,458","1,608","1,352","1,372","1,346"
Thành phố Hà Nội,01,Quận Hoàn Kiếm,002,Phường Hàng Gai,00064,Phường,0.090,64.300,"5,787",979,"1,584","1,636","1,588","1,587","1,586"
Thành phố Hà Nội,01,Quận Hoàn Kiếm,002,Phường Chương Dương,00067,Phường,1.017,22.562,"22,946","4,547","6,669","7,048","4,682","6,554","6,518"
Thành phố Hà Nội,01,Quận Hoàn Kiếm,002,Phường Hàng Trống,00070,Phường,0.350,15.783,"5,524",967,"1,464","1,589","1,504","1,397","1,393"
Thành phố Hà Nội,01,Quận Hoàn Kiếm,002,Phường Cửa Nam,00073,Phường,0.253,25.277,"6,385","1,093","1,706","1,770","1,816","1,856","1,856"
Thành phố Hà Nội,01,Quận Hoàn Kiếm,002,Phường Hàng Bông,00076,Phường,0.180,40.033,"7,206","1,398","2,057","2,081","1,670","1,737","1,726"
Thành phố Hà Nội,01,Quận Hoàn Kiếm,002,Phường Tràng Tiền,00079,Phường,0.386,12.062,"4,656",864,"1,332","1,230","1,230","1,164","1,163"
Thành phố Hà Nội,01,Quận Hoàn Kiếm,002,Phường Trần Hưng Đạo,00082,Phường,0.500,14.078,"7,039","1,237","1,943","1,916","1,943","2,025","2,021"
Thành phố Hà Nội,01,Quận Hoàn Kiếm,002,Phường Phan Chu Trinh,00085,Phường,0.406,11.936,"4,846",832,"1,302","1,396","1,316","1,426","1,425"
Thành phố Hà Nội,01,Quận Hoàn Kiếm,002,Phường Hàng Bài,00088,Phường,0.276,19.870,"5,484",954,"1,459","1,515","1,556","1,563","1,551"
Thành phố Hà Nội,01,Quận Tây Hồ,003,Phường Phú Thượng,00091,Phường,6.530,3.993,"26,071","6,493","7,465","7,670","4,443","6,666","6,620"
Thành phố Hà Nội,01,Quận Tây Hồ,003,Phường Nhật Tân,00094,Phường,3.759,4.149,"15,597","3,598","4,524","4,751","2,724","4,554","4,554"
Thành phố Hà Nội,01,Quận Tây Hồ,003,Phường Tứ Liên,00097,Phường,2.910,6.310,"18,360","4,095","5,185","5,508","3,572","4,799","4,777"
Thành phố Hà Nội,01,Quận Tây Hồ,003,Phường Quảng An,00100,Phường,3.779,2.723,"10,290","2,094","2,777","2,945","2,474","2,609","2,606"
Thành phố Hà Nội,01,Quận Tây Hồ,003,Phường Xuân La,00103,Phường,2.402,11.450,"27,500","6,233","8,517","8,689","4,061","7,740","7,726"
Thành phố Hà Nội,01,Quận Tây Hồ,003,Phường Yên Phụ,00106,Phường,1.472,15.832,"23,301","4,786","6,424","6,804","5,287","6,183","6,160"
Thành phố Hà Nội,01,Quận Tây Hồ,003,Phường Bưởi,00109,Phường,1.484,16.702,"24,778","5,015","6,782","7,163","5,818","6,507","6,485"
Thành phố Hà Nội,01,Quận Tây Hồ,003,Phường Thụy Khuê,00112,Phường,2.057,7.095,"14,598","2,874","4,026","4,157","3,541","4,015","4,005"
Thành phố Hà Nội,01,Quận Long Biên,004,Phường Thượng Thanh,00115,Phường,4.586,6.310,"28,936","7,451","8,164","8,722","4,599","7,899","7,878"
Thành phố Hà Nội,01,Quận Long Biên,004,Phường Ngọc Thụy,00118,Phường,8.770,4.511,"39,565","10,075","11,105","11,838","6,547","10,134","10,117"
Thành phố Hà Nội,01,Quận Long Biên,004,Phường Giang Biên,00121,Phường,4.345,5.596,"24,315","7,436","6,898","6,867","3,114","6,633","6,623"
Thành phố Hà Nội,01,Quận Long Biên,004,Phường Đức Giang,00124,Phường,2.507,11.047,"27,694","6,649","7,753","8,270","5,022","7,403","7,383"
Thành phố Hà Nội,01,Quận Long Biên,004,Phường Việt Hưng,00127,Phường,3.744,5.976,"22,375","6,123","6,344","6,518","3,390","5,849","5,834"
Thành phố Hà Nội,01,Quận Long Biên,004,Phường Gia Thụy,00130,Phường,1.424,10.587,"15,076","3,708","4,293","4,303","2,772","4,105","4,100"
Thành phố Hà Nội,01,Quận Long Biên,004,Phường Ngọc Lâm,00133,Phường,1.196,20.003,"23,923","5,178","6,674","7,012","5,059","6,364","6,355"
Thành phố Hà Nội,01,Quận Long Biên,004,Phường Phúc Lợi,00136,Phường,6.263,3.037,"19,019","5,166","5,345","5,608","2,900","5,174","5,165"
Thành phố Hà Nội,01,Quận Long Biên,004,Phường Bồ Đề,00139,Phường,3.679,8.553,"31,466","7,431","9,025","9,353","5,657","8,346","8,273"
Thành phố Hà Nội,01,Quận Long Biên,004,Phường Sài Đồng,00142,Phường,0.859,20.553,"17,655","4,410","4,910","5,200","3,135","4,690","4,678"
Thành phố Hà Nội,01,Quận Long Biên,004,Phường Long Biên,00145,Phường,7.879,2.796,"22,028","5,979","6,348","6,635","3,066","5,904","5,866"
Thành phố Hà Nội,01,Quận Long Biên,004,Phường Thạch Bàn,00148,Phường,5.185,5.097,"26,427","7,027","7,764","8,182","3,454","7,459","7,434"
Thành phố Hà Nội,01,Quận Long Biên,004,Phường Phúc Đồng,00151,Phường,4.535,3.134,"14,211","3,872","4,094","4,221","2,024","3,798","3,788"
Thành phố Hà Nội,01,Quận Long Biên,004,Phường Cự Khối,00154,Phường,4.849,2.033,"9,859","2,645","2,747","2,907","1,560","2,477","2,467"
Thành phố Hà Nội,01,Quận Cầu Giấy,005,Phường Nghĩa Đô,00157,Phường,1.342,25.805,"34,636","7,469","10,010","10,482","6,675","9,700","9,682"
Thành phố Hà Nội,01,Quận Cầu Giấy,005,Phường Nghĩa Tân,00160,Phường,0.573,38.015,"21,794","5,032","6,648","6,165","3,949","5,950","5,937"
Thành phố Hà Nội,01,Quận Cầu Giấy,005,Phường Mai Dịch,00163,Phường,1.998,20.280,"40,511","6,822","15,848","13,385","4,456","13,223","13,196"
Thành phố Hà Nội,01,Quận Cầu Giấy,005,Phường Dịch Vọng,00166,Phường,1.353,20.870,"28,226","6,531","9,125","8,635","3,935","8,634","8,630"
Thành phố Hà Nội,01,Quận Cầu Giấy,005,Phường Dịch Vọng Hậu,00167,Phường,1.605,19.649,"31,541","5,442","13,187","9,132","3,780","8,356","8,341"
Thành phố Hà Nội,01,Quận Cầu Giấy,005,Phường Quan Hoa,00169,Phường,0.889,39.264,"34,886","5,621","12,808","12,086","4,371","12,637","12,634"
Thành phố Hà Nội,01,Quận Cầu Giấy,005,Phường Yên Hoà,00172,Phường,2.062,22.683,"46,766","10,222","14,795","14,701","7,048","13,962","13,747"
Thành phố Hà Nội,01,Quận Cầu Giấy,005,Phường Trung Hoà,00175,Phường,2.496,21.706,"54,176","11,630","18,687","16,271","7,588","16,934","16,923"
Thành phố Hà Nội,01,Quận Đống Đa,006,Phường Cát Linh,00178,Phường,0.367,30.477,"11,185","2,023","3,112","3,338","2,712","3,131","3,131"
Thành phố Hà Nội,01,Quận Đống Đa,006,Phường Văn Miếu,00181,Phường,0.291,32.832,"9,554","1,762","2,616","2,710","2,466","2,870","2,869"
Thành phố Hà Nội,01,Quận Đống Đa,006,Phường Quốc Tử Giám,00184,Phường,0.190,42.563,"8,087","1,436","2,328","2,336","1,987","2,351","2,348"
Thành phố Hà Nội,01,Quận Đống Đa,006,Phường Láng Thượng,00187,Phường,1.225,31.978,"39,173","5,753","16,411","11,742","5,267","13,358","13,334"
Thành phố Hà Nội,01,Quận Đống Đa,006,Phường Ô Chợ Dừa,00190,Phường,1.132,30.070,"34,039","6,518","10,227","9,699","7,595","8,988","8,983"
Thành phố Hà Nội,01,Quận Đống Đa,006,Phường Văn Chương,00193,Phường,0.334,49.743,"16,614","2,961","4,790","4,962","3,901","5,017","5,017"
Thành phố Hà Nội,01,Quận Đống Đa,006,Phường Hàng Bột,00196,Phường,0.315,58.333,"18,375","3,590","5,206","5,405","4,174","5,175","5,173"
Thành phố Hà Nội,01,Quận Đống Đa,006,Phường Láng Hạ,00199,Phường,0.968,30.885,"29,897","5,597","9,251","9,036","6,013","8,341","8,337"
Thành phố Hà Nội,01,Quận Đống Đa,006,Phường Khâm Thiên,00202,Phường,0.183,52.432,"9,595","1,853","2,516","2,761","2,465","2,628","2,623"
Thành phố Hà Nội,01,Quận Đống Đa,006,Phường Thổ Quan,00205,Phường,0.290,59.993,"17,398","3,249","4,962","5,132","4,055","4,790","4,789"
Thành phố Hà Nội,01,Quận Đống Đa,006,Phường Nam Đồng,00208,Phường,0.411,35.818,"14,721","2,979","4,189","4,165","3,388","4,268","4,253"
Thành phố Hà Nội,01,Quận Đống Đa,006,Phường Trung Phụng,00211,Phường,0.236,70.369,"16,607","3,174","4,823","5,040","3,570","4,821","4,821"
Thành phố Hà Nội,01,Quận Đống Đa,006,Phường Quang Trung,00214,Phường,0.411,35.119,"14,434","2,337","5,562","3,942","2,593","3,667","3,664"
Thành phố Hà Nội,01,Quận Đống Đa,006,Phường Trung Liệt,00217,Phường,0.764,34.520,"26,373","4,686","8,268","8,126","5,293","6,898","6,891"
Thành phố Hà Nội,01,Quận Đống Đa,006,Phường Phương Liên,00220,Phường,0.438,38.863,"17,022","3,232","4,821","5,114","3,855","5,042","5,033"
Thành phố Hà Nội,01,Quận Đống Đa,006,Phường Thịnh Quang,00223,Phường,0.448,40.627,"18,201","3,514","5,475","5,408","3,804","5,266","5,262"
Thành phố Hà Nội,01,Quận Đống Đa,006,Phường Trung Tự,00226,Phường,0.418,31.299,"13,083","2,080","4,614","4,051","2,338","3,087","3,087"
Thành phố Hà Nội,01,Quận Đống Đa,006,Phường Kim Liên,00229,Phường,0.338,41.692,"14,092","2,875","4,094","4,075","3,048","4,067","4,066"
Thành phố Hà Nội,01,Quận Đống Đa,006,Phường Phương Mai,00232,Phường,0.617,32.308,"19,934","4,407","5,694","5,684","4,149","5,715","5,715"
Thành phố Hà Nội,01,Quận Đống Đa,006,Phường Ngã Tư Sở,00235,Phường,0.234,32.705,"7,653","1,536","2,283","2,300","1,534","2,420","2,419"
Thành phố Hà Nội,01,Quận Đống Đa,006,Phường Khương Thượng,00238,Phường,0.339,45.926,"15,569","2,782","4,970","4,932","2,885","4,872","4,842"
Thành phố Hà Nội,01,Quận Hai Bà Trưng,007,Phường Nguyễn Du,00241,Phường,0.370,16.157,"5,978","1,015","1,567","1,834","1,562","1,608","1,608"
Thành phố Hà Nội,01,Quận Hai Bà Trưng,007,Phường Bạch Đằng,00244,Phường,1.099,18.009,"19,795","3,550","5,669","6,076","4,500","5,327","5,323"
Thành phố Hà Nội,01,Quận Hai Bà Trưng,007,Phường Phạm Đình Hổ,00247,Phường,0.301,22.669,"6,812","1,231","1,865","1,907","1,809","2,121","2,120"
Thành phố Hà Nội,01,Quận Hai Bà Trưng,007,Phường Bùi Thị Xuân,00250,Phường,0.141,27.212,"3,826",628,946,"1,052","1,200","1,212","1,212"
Thành phố Hà Nội,01,Quận Hai Bà Trưng,007,Phường Ngô Thì Nhậm,00253,Phường,0.192,26.137,"5,013",828,"1,260","1,344","1,581","1,540","1,540"
Thành phố Hà Nội,01,Quận Hai Bà Trưng,007,Phường Lê Đại Hành,00256,Phường,0.868,9.750,"8,464","1,591","2,263","2,276","2,334","2,449","2,449"
Thành phố Hà Nội,01,Quận Hai Bà Trưng,007,Phường Đồng Nhân,00259,Phường,0.149,58.205,"8,690","1,618","2,655","2,409","2,008","2,467","2,466"
Thành phố Hà Nội,01,Quận Hai Bà Trưng,007,Phường Phố Huế,00262,Phường,0.202,44.420,"8,955","1,612","2,426","2,599","2,318","2,531","2,527"
Thành phố Hà Nội,01,Quận Hai Bà Trưng,007,Phường Đống Mác,00265,Phường,0.153,56.590,"8,647","1,634","2,373","2,433","2,207","2,473","2,472"
Thành phố Hà Nội,01,Quận Hai Bà Trưng,007,Phường Thanh Lương,00268,Phường,1.571,15.790,"24,812","4,998","6,992","7,308","5,514","7,040","7,039"
Thành phố Hà Nội,01,Quận Hai Bà Trưng,007,Phường Thanh Nhàn,00271,Phường,0.736,28.764,"21,170","4,135","5,985","6,363","4,687","6,052","6,045"
Thành phố Hà Nội,01,Quận Hai Bà Trưng,007,Phường Cầu Dền,00274,Phường,0.170,69.558,"11,797","2,137","3,330","3,812","2,518","3,080","3,077"
Thành phố Hà Nội,01,Quận Hai Bà Trưng,007,Phường Bách Khoa,00277,Phường,0.521,26.760,"13,950","1,858","4,464","5,293","2,335","2,785","2,772"
Thành phố Hà Nội,01,Quận Hai Bà Trưng,007,Phường Đồng Tâm,00280,Phường,0.514,38.843,"19,973","2,932","7,076","6,467","3,498","4,511","4,509"
Thành phố Hà Nội,01,Quận Hai Bà Trưng,007,Phường Vĩnh Tuy,00283,Phường,1.602,32.229,"51,644","12,063","15,216","15,000","9,365","14,934","14,899"
Thành phố Hà Nội,01,Quận Hai Bà Trưng,007,Phường Bạch Mai,00286,Phường,0.256,63.392,"16,241","3,064","4,586","4,981","3,610","4,472","4,471"
Thành phố Hà Nội,01,Quận Hai Bà Trưng,007,Phường Quỳnh Mai,00289,Phường,0.168,70.980,"11,946","2,465","3,379","3,455","2,647","3,588","3,588"
Thành phố Hà Nội,01,Quận Hai Bà Trưng,007,Phường Quỳnh Lôi,00292,Phường,0.253,58.493,"14,787","2,957","4,089","4,487","3,254","4,204","4,195"
Thành phố Hà Nội,01,Quận Hai Bà Trưng,007,Phường Minh Khai,00295,Phường,0.472,41.996,"19,822","4,130","5,670","5,924","4,098","5,651","5,646"
Thành phố Hà Nội,01,Quận Hai Bà Trưng,007,Phường Trương Định,00298,Phường,0.520,40.869,"21,264","3,895","6,244","6,782","4,343","6,178","6,139"
Thành phố Hà Nội,01,Quận Hoàng Mai,008,Phường Thanh Trì,00301,Phường,3.850,6.522,"25,110","6,160","7,198","8,164","3,588","7,465","7,444"
Thành phố Hà Nội,01,Quận Hoàng Mai,008,Phường Vĩnh Hưng,00304,Phường,1.750,22.087,"38,652","9,902","11,701","12,246","4,803","11,380","11,354"
Thành phố Hà Nội,01,Quận Hoàng Mai,008,Phường Định Công,00307,Phường,2.760,17.634,"48,671","12,128","14,296","15,127","7,120","13,882","13,848"
Thành phố Hà Nội,01,Quận Hoàng Mai,008,Phường Mai Động,00310,Phường,0.820,59.715,"48,966","11,099","14,968","14,695","8,204","13,982","13,972"
Thành phố Hà Nội,01,Quận Hoàng Mai,008,Phường Tương Mai,00313,Phường,2.750,10.307,"28,344","6,070","8,238","8,484","5,552","8,280","8,264"
Thành phố Hà Nội,01,Quận Hoàng Mai,008,Phường Đại Kim,00316,Phường,0.510,95.108,"48,505","13,738","14,553","14,784","5,430","13,986","13,980"
Thành phố Hà Nội,01,Quận Hoàng Mai,008,Phường Tân Mai,00319,Phường,0.740,33.139,"24,523","5,554","6,944","7,351","4,674","6,785","6,784"
Thành phố Hà Nội,01,Quận Hoàng Mai,008,Phường Hoàng Văn Thụ,00322,Phường,1.720,22.959,"39,489","7,951","11,959","13,225","6,354","12,660","12,650"
Thành phố Hà Nội,01,Quận Hoàng Mai,008,Phường Giáp Bát,00325,Phường,0.600,27.708,"16,625","3,241","4,875","5,377","3,132","4,757","4,750"
Thành phố Hà Nội,01,Quận Hoàng Mai,008,Phường Lĩnh Nam,00328,Phường,5.570,5.548,"30,900","8,266","8,937","9,735","3,962","8,768","8,708"
Thành phố Hà Nội,01,Quận Hoàng Mai,008,Phường Thịnh Liệt,00331,Phường,3.160,12.749,"40,286","9,983","11,729","12,929","5,645","11,924","11,850"
Thành phố Hà Nội,01,Quận Hoàng Mai,008,Phường Trần Phú,00334,Phường,3.780,3.744,"14,152","3,849","4,019","4,203","2,081","4,053","4,044"
Thành phố Hà Nội,01,Quận Hoàng Mai,008,Phường Hoàng Liệt,00337,Phường,4.870,16.190,"78,845","23,076","24,331","24,303","7,135","22,186","22,152"
Thành phố Hà Nội,01,Quận Hoàng Mai,008,Phường Yên Sở,00340,Phường,7.440,3.129,"23,279","6,373","6,741","7,225","2,940","6,610","6,506"
Thành phố Hà Nội,01,Quận Thanh Xuân,009,Phường Nhân Chính,00343,Phường,1.608,31.899,"51,306","10,489","17,043","16,207","7,567","14,710","14,590"
Thành phố Hà Nội,01,Quận Thanh Xuân,009,Phường Thượng Đình,00346,Phường,0.665,43.641,"29,021","6,113","8,969","8,643","5,296","8,341","8,338"
Thành phố Hà Nội,01,Quận Thanh Xuân,009,Phường Khương Trung,00349,Phường,0.737,48.429,"35,687","7,357","11,030","10,934","6,366","10,258","10,256"
Thành phố Hà Nội,01,Quận Thanh Xuân,009,Phường Khương Mai,00352,Phường,1.066,20.526,"21,885","4,623","6,211","6,283","4,768","5,394","5,390"
Thành phố Hà Nội,01,Quận Thanh Xuân,009,Phường Thanh Xuân Trung,00355,Phường,1.085,28.923,"31,370","7,838","9,632","9,240","4,660","9,157","9,103"
Thành phố Hà Nội,01,Quận Thanh Xuân,009,Phường Phương Liệt,00358,Phường,0.938,26.255,"24,619","4,902","7,330","7,690","4,697","6,825","6,806"
Thành phố Hà Nội,01,Quận Thanh Xuân,009,Phường Hạ Đình,00361,Phường,0.692,26.161,"18,111","3,951","5,612","5,801","2,747","5,280","5,262"
Thành phố Hà Nội,01,Quận Thanh Xuân,009,Phường Khương Đình,00364,Phường,1.300,27.135,"35,286","8,417","10,840","11,346","4,683","10,316","10,193"
Thành phố Hà Nội,01,Quận Thanh Xuân,009,Phường Thanh Xuân Bắc,00367,Phường,0.476,43.383,"20,659","4,270","6,907","6,051","3,431","5,458","5,450"
Thành phố Hà Nội,01,Quận Thanh Xuân,009,Phường Thanh Xuân Nam,00370,Phường,0.308,40.337,"12,436","2,422","4,155","3,921","1,938","3,507","3,505"
Thành phố Hà Nội,01,Quận Thanh Xuân,009,Phường Kim Giang,00373,Phường,0.214,61.507,"13,144","3,352","3,804","3,786","2,202","3,735","3,732"
Thành phố Hà Nội,01,Huyện Sóc Sơn,016,Thị trấn Sóc Sơn,00376,Thị trấn,0.937,5.176,"4,849","1,266","1,309","1,409",865,"1,250","1,248"
Thành phố Hà Nội,01,Huyện Sóc Sơn,016,Xã Bắc Sơn,00379,Xã,30.054,0.566,"17,017","4,719","4,771","5,388","2,139","4,281","4,244"
Thành phố Hà Nội,01,Huyện Sóc Sơn,016,Xã Minh Trí,00382,Xã,23.892,0.616,"14,729","4,047","4,215","4,576","1,891","3,792","3,684"
Thành phố Hà Nội,01,Huyện Sóc Sơn,016,Xã Hồng Kỳ,00385,Xã,14.380,0.873,"12,559","3,342","3,531","3,765","1,921","3,120","3,077"
Thành phố Hà Nội,01,Huyện Sóc Sơn,016,Xã Nam Sơn,00388,Xã,24.416,0.386,"9,422","2,519","2,659","2,905","1,339","2,347","2,333"
Thành phố Hà Nội,01,Huyện Sóc Sơn,016,Xã Trung Giã,00391,Xã,8.671,1.699,"14,732","3,919","4,182","4,427","2,204","3,762","3,688"
Thành phố Hà Nội,01,Huyện Sóc Sơn,016,Xã Tân Hưng,00394,Xã,9.158,1.250,"11,448","2,828","3,275","3,608","1,737","2,626","2,606"
Thành phố Hà Nội,01,Huyện Sóc Sơn,016,Xã Minh Phú,00397,Xã,17.975,0.747,"13,430","3,587","3,831","4,205","1,807","3,355","3,347"
Thành phố Hà Nội,01,Huyện Sóc Sơn,016,Xã Phù Linh,00400,Xã,14.045,0.876,"12,308","3,283","3,628","3,596","1,801","3,005","2,961"
Thành phố Hà Nội,01,Huyện Sóc Sơn,016,Xã Bắc Phú,00403,Xã,11.341,1.020,"11,572","3,028","3,194","3,716","1,634","2,716","2,703"
Thành phố Hà Nội,01,Huyện Sóc Sơn,016,Xã Tân Minh,00406,Xã,12.469,1.440,"17,953","4,630","4,688","6,147","2,488","4,307","4,275"
Thành phố Hà Nội,01,Huyện Sóc Sơn,016,Xã Quang Tiến,00409,Xã,12.977,0.874,"11,339","3,332","3,197","3,489","1,321","2,861","2,856"
Thành phố Hà Nội,01,Huyện Sóc Sơn,016,Xã Hiền Ninh,00412,Xã,13.137,0.996,"13,081","3,741","3,663","4,005","1,672","3,195","3,167"
Thành phố Hà Nội,01,Huyện Sóc Sơn,016,Xã Tân Dân,00415,Xã,10.305,1.500,"15,462","4,459","4,238","4,706","2,059","3,780","3,748"
Thành phố Hà Nội,01,Huyện Sóc Sơn,016,Xã Tiên Dược,00418,Xã,13.111,1.473,"19,313","5,478","5,522","5,720","2,593","4,794","4,750"
Thành phố Hà Nội,01,Huyện Sóc Sơn,016,Xã Việt Long,00421,Xã,7.325,1.246,"9,130","2,474","2,534","2,895","1,227","1,906","1,881"
Thành phố Hà Nội,01,Huyện Sóc Sơn,016,Xã Xuân Giang,00424,Xã,9.204,1.164,"10,710","2,734","3,036","3,370","1,570","2,602","2,588"
Thành phố Hà Nội,01,Huyện Sóc Sơn,016,Xã Mai Đình,00427,Xã,15.145,1.446,"21,899","6,145","6,118","6,828","2,808","5,107","5,066"
Thành phố Hà Nội,01,Huyện Sóc Sơn,016,Xã Đức Hoà,00430,Xã,7.357,1.214,"8,929","2,397","2,463","2,806","1,263","1,978","1,966"
Thành phố Hà Nội,01,Huyện Sóc Sơn,016,Xã Thanh Xuân,00433,Xã,8.592,1.688,"14,503","4,033","4,070","4,431","1,969","3,373","3,345"
Thành phố Hà Nội,01,Huyện Sóc Sơn,016,Xã Đông Xuân,00436,Xã,7.137,1.959,"13,983","3,877","3,842","4,229","2,035","3,350","3,329"
Thành phố Hà Nội,01,Huyện Sóc Sơn,016,Xã Kim Lũ,00439,Xã,5.305,2.098,"11,131","3,160","3,000","3,536","1,435","2,496","2,431"
Thành phố Hà Nội,01,Huyện Sóc Sơn,016,Xã Phú Cường,00442,Xã,8.473,1.667,"14,124","3,935","4,015","4,320","1,854","3,515","3,482"
Thành phố Hà Nội,01,Huyện Sóc Sơn,016,Xã Phú Minh,00445,Xã,7.474,1.464,"10,943","2,924","3,040","3,347","1,632","2,663","2,642"
Thành phố Hà Nội,01,Huyện Sóc Sơn,016,Xã Phù Lỗ,00448,Xã,6.251,2.795,"17,471","4,561","4,885","5,396","2,629","4,371","4,350"
Thành phố Hà Nội,01,Huyện Sóc Sơn,016,Xã Xuân Thu,00451,Xã,5.630,2.024,"11,395","3,149","3,246","3,632","1,368","2,420","2,382"
Thành phố Hà Nội,01,Huyện Đông Anh,017,Thị trấn Đông Anh,00454,Thị trấn,4.600,5.494,"25,274","6,464","2,784","4,371","11,655","6,748","6,738"
Thành phố Hà Nội,01,Huyện Đông Anh,017,Xã Xuân Nộn,00457,Xã,10.890,1.516,"16,511","4,386","2,504","3,171","6,450","4,054","4,037"
Thành phố Hà Nội,01,Huyện Đông Anh,017,Xã Thuỵ Lâm,00460,Xã,11.250,1.786,"20,089","5,486","2,946","3,700","7,957","4,909","4,847"
Thành phố Hà Nội,01,Huyện Đông Anh,017,Xã Bắc Hồng,00463,Xã,7.230,1.913,"13,831","3,587","2,036","2,597","5,611","3,368","3,308"
Thành phố Hà Nội,01,Huyện Đông Anh,017,Xã Nguyên Khê,00466,Xã,7.890,2.026,"15,982","4,115","2,374","3,128","6,365","3,923","3,883"
Thành phố Hà Nội,01,Huyện Đông Anh,017,Xã Nam Hồng,00469,Xã,9.160,1.753,"16,062","4,332","2,355","3,116","6,259","4,019","3,992"
Thành phố Hà Nội,01,Huyện Đông Anh,017,Xã Tiên Dương,00472,Xã,10.090,1.885,"19,017","4,955","2,760","3,714","7,588","4,685","4,653"
Thành phố Hà Nội,01,Huyện Đông Anh,017,Xã Vân Hà,00475,Xã,5.270,2.140,"11,277","3,185","1,771","2,129","4,192","2,703","2,703"
Thành phố Hà Nội,01,Huyện Đông Anh,017,Xã Uy Nỗ,00478,Xã,7.610,2.820,"21,464","5,568","3,073","4,372","8,451","5,685","5,655"
Thành phố Hà Nội,01,Huyện Đông Anh,017,Xã Vân Nội,00481,Xã,6.510,1.972,"12,836","3,328","2,001","2,678","4,829","3,381","3,354"
Thành phố Hà Nội,01,Huyện Đông Anh,017,Xã Liên Hà,00484,Xã,8.200,2.164,"17,741","4,535","2,645","3,344","7,217","4,359","4,330"
Thành phố Hà Nội,01,Huyện Đông Anh,017,Xã Việt Hùng,00487,Xã,8.680,2.268,"19,689","5,112","3,167","4,072","7,338","5,420","5,399"
Thành phố Hà Nội,01,Huyện Đông Anh,017,Xã Kim Nỗ,00490,Xã,6.480,2.260,"14,644","3,910","2,197","2,755","5,782","3,617","3,571"
Thành phố Hà Nội,01,Huyện Đông Anh,017,Xã Kim Chung,00493,Xã,7.620,4.175,"31,817","6,397","5,557","12,685","7,178","13,406","13,391"
Thành phố Hà Nội,01,Huyện Đông Anh,017,Xã Dục Tú,00496,Xã,8.680,2.080,"18,057","4,458","2,498","3,240","7,861","4,400","4,373"
Thành phố Hà Nội,01,Huyện Đông Anh,017,Xã Đại Mạch,00499,Xã,8.420,1.972,"16,602","4,115","2,861","4,446","5,180","5,073","5,052"
Thành phố Hà Nội,01,Huyện Đông Anh,017,Xã Vĩnh Ngọc,00502,Xã,9.550,1.665,"15,905","4,167","2,422","3,093","6,223","3,820","3,797"
Thành phố Hà Nội,01,Huyện Đông Anh,017,Xã Cổ Loa,00505,Xã,8.400,2.338,"19,639","4,931","2,657","3,511","8,540","4,973","4,890"
Thành phố Hà Nội,01,Huyện Đông Anh,017,Xã Hải Bối,00508,Xã,8.280,2.524,"20,901","5,578","3,745","5,442","6,136","6,325","6,304"
Thành phố Hà Nội,01,Huyện Đông Anh,017,Xã Xuân Canh,00511,Xã,6.300,1.930,"12,159","3,063","1,611","2,223","5,262","3,121","3,089"
Thành phố Hà Nội,01,Huyện Đông Anh,017,Xã Võng La,00514,Xã,6.480,2.192,"14,206","3,133","2,423","4,550","4,100","5,094","5,090"
Thành phố Hà Nội,01,Huyện Đông Anh,017,Xã Tàm Xá,00517,Xã,4.590,1.102,"5,058","1,215",691,915,"2,237","1,163","1,142"
Thành phố Hà Nội,01,Huyện Đông Anh,017,Xã Mai Lâm,00520,Xã,6.190,2.292,"14,185","3,396","1,969","2,905","5,915","3,987","3,914"
Thành phố Hà Nội,01,Huyện Đông Anh,017,Xã Đông Hội,00523,Xã,7.250,1.766,"12,803","3,356","1,571","2,170","5,706","3,102","3,071"
Thành phố Hà Nội,01,Huyện Gia Lâm,018,Thị trấn Yên Viên,00526,Thị trấn,0.977,12.975,"12,679","3,007","3,425","3,877","2,370","3,278","3,278"
Thành phố Hà Nội,01,Huyện Gia Lâm,018,Xã Yên Thường,00529,Xã,8.671,2.064,"17,894","4,391","4,899","5,478","3,126","4,739","4,715"
Thành phố Hà Nội,01,Huyện Gia Lâm,018,Xã Yên Viên,00532,Xã,3.736,3.692,"13,794","3,271","3,876","4,162","2,485","3,888","3,861"
Thành phố Hà Nội,01,Huyện Gia Lâm,018,Xã Ninh Hiệp,00535,Xã,4.922,3.650,"17,965","5,110","4,825","5,503","2,527","4,697","4,697"
Thành phố Hà Nội,01,Huyện Gia Lâm,018,Xã Đình Xuyên,00538,Xã,3.083,3.646,"11,240","2,868","3,126","3,522","1,724","3,032","3,032"
Thành phố Hà Nội,01,Huyện Gia Lâm,018,Xã Dương Hà,00541,Xã,2.709,2.662,"7,211","1,770","1,962","2,204","1,275","2,057","2,057"
Thành phố Hà Nội,01,Huyện Gia Lâm,018,Xã Phù Đổng,00544,Xã,11.822,1.158,"13,686","3,164","3,726","4,078","2,718","3,965","3,965"
Thành phố Hà Nội,01,Huyện Gia Lâm,018,Xã Trung Mầu,00547,Xã,4.303,1.369,"5,890","1,468","1,593","1,794","1,035","1,763","1,763"
Thành phố Hà Nội,01,Huyện Gia Lâm,018,Xã Lệ Chi,00550,Xã,8.251,1.505,"12,419","2,762","4,128","3,677","1,852","3,610","3,610"
Thành phố Hà Nội,01,Huyện Gia Lâm,018,Xã Cổ Bi,00553,Xã,4.813,3.190,"15,354","4,569","4,214","4,361","2,210","4,724","4,697"
Thành phố Hà Nội,01,Huyện Gia Lâm,018,Xã Đặng Xá,00556,Xã,6.031,3.457,"20,849","6,697","5,816","5,950","2,386","5,683","5,663"
Thành phố Hà Nội,01,Huyện Gia Lâm,018,Xã Phú Thị,00559,Xã,5.090,1.819,"9,257","2,209","2,578","2,869","1,601","2,878","2,871"
Thành phố Hà Nội,01,Huyện Gia Lâm,018,Xã Kim Sơn,00562,Xã,6.318,2.131,"13,465","3,121","3,980","4,175","2,189","3,492","3,450"
Thành phố Hà Nội,01,Huyện Gia Lâm,018,Thị trấn Trâu Quỳ,00565,Thị trấn,7.185,4.479,"32,180","5,025","12,810","11,384","2,961","13,836","13,831"
Thành phố Hà Nội,01,Huyện Gia Lâm,018,Xã Dương Quang,00568,Xã,5.684,2.309,"13,126","3,419","3,588","4,017","2,102","3,502","3,460"
Thành phố Hà Nội,01,Huyện Gia Lâm,018,Xã Dương Xá,00571,Xã,4.947,2.819,"13,947","3,406","3,904","4,374","2,263","3,973","3,843"
Thành phố Hà Nội,01,Huyện Gia Lâm,018,Xã Đông Dư,00574,Xã,3.772,1.652,"6,231","1,651","1,698","1,794","1,088","1,912","1,912"
Thành phố Hà Nội,01,Huyện Gia Lâm,018,Xã Đa Tốn,00577,Xã,7.396,1.790,"13,239","3,091","3,663","4,087","2,398","3,648","3,647"
Thành phố Hà Nội,01,Huyện Gia Lâm,018,Xã Kiêu Kỵ,00580,Xã,5.875,2.221,"13,051","3,200","3,689","4,110","2,052","4,199","4,191"
Thành phố Hà Nội,01,Huyện Gia Lâm,018,Xã Bát Tràng,00583,Xã,1.781,4.842,"8,622","1,930","2,416","2,694","1,582","2,373","2,360"
Thành phố Hà Nội,01,Huyện Gia Lâm,018,Xã Kim Lan,00586,Xã,2.701,2.349,"6,346","1,367","1,850","2,054","1,075","1,734","1,734"
Thành phố Hà Nội,01,Huyện Gia Lâm,018,Xã Văn Đức,00589,Xã,6.645,1.152,"7,657","1,795","2,103","2,395","1,364","2,035","2,035"
Thành phố Hà Nội,01,Quận Nam Từ Liêm,019,Phường Cầu Diễn,00592,Phường,1.455,17.931,"26,089","7,030","8,176","7,887","2,996","7,920","7,887"
Thành phố Hà Nội,01,Quận Nam Từ Liêm,019,Phường Xuân Phương,00622,Phường,2.929,5.836,"17,095","4,509","4,827","5,814","1,945","5,147","5,055"
Thành phố Hà Nội,01,Quận Nam Từ Liêm,019,Phường Phương Canh,00623,Phường,2.427,7.453,"18,089","3,718","5,208","7,599","1,564","7,527","7,522"
Thành phố Hà Nội,01,Quận Nam Từ Liêm,019,Phường Mỹ Đình 1,00625,Phường,2.368,11.464,"27,147","5,898","9,239","9,734","2,276","9,435","9,277"
Thành phố Hà Nội,01,Quận Nam Từ Liêm,019,Phường Mỹ Đình 2,00626,Phường,1.961,16.424,"32,207","7,191","11,889","10,282","2,845","8,224","8,220"
Thành phố Hà Nội,01,Quận Nam Từ Liêm,019,Phường Tây Mỗ,00628,Phường,6.302,4.046,"25,497","7,615","7,146","7,567","3,169","7,075","7,009"
Thành phố Hà Nội,01,Quận Nam Từ Liêm,019,Phường Mễ Trì,00631,Phường,4.462,6.855,"30,589","7,939","9,522","9,757","3,371","9,373","9,269"
Thành phố Hà Nội,01,Quận Nam Từ Liêm,019,Phường Phú Đô,00632,Phường,2.458,6.238,"15,334","4,209","4,671","5,224","1,230","4,618","4,573"
Thành phố Hà Nội,01,Quận Nam Từ Liêm,019,Phường Đại Mỗ,00634,Phường,5.136,6.018,"30,906","8,756","8,789","9,774","3,587","8,814","8,636"
Thành phố Hà Nội,01,Quận Nam Từ Liêm,019,Phường Trung Văn,00637,Phường,2.694,15.328,"41,293","9,112","14,240","13,192","4,749","13,000","12,951"
Thành phố Hà Nội,01,Huyện Thanh Trì,020,Thị trấn Văn Điển,00640,Thị trấn,0.905,18.522,"16,762","4,167","4,598","5,095","2,902","4,555","4,550"
Thành phố Hà Nội,01,Huyện Thanh Trì,020,Xã Tân Triều,00643,Xã,2.994,11.689,"34,996","7,877","10,945","12,325","3,849","11,733","11,733"
Thành phố Hà Nội,01,Huyện Thanh Trì,020,Xã Thanh Liệt,00646,Xã,3.492,5.472,"19,107","4,947","5,628","6,248","2,284","5,370","5,370"
Thành phố Hà Nội,01,Huyện Thanh Trì,020,Xã Tả Thanh Oai,00649,Xã,8.093,4.880,"39,492","11,648","11,514","12,333","3,997","11,397","11,366"
Thành phố Hà Nội,01,Huyện Thanh Trì,020,Xã Hữu Hoà,00652,Xã,2.963,3.867,"11,457","3,127","3,273","3,661","1,396","3,290","3,280"
Thành phố Hà Nội,01,Huyện Thanh Trì,020,Xã Tam Hiệp,00655,Xã,3.200,5.171,"16,546","4,399","4,670","5,291","2,186","4,967","4,951"
Thành phố Hà Nội,01,Huyện Thanh Trì,020,Xã Tứ Hiệp,00658,Xã,4.217,4.605,"19,420","5,494","5,539","5,903","2,484","5,528","5,509"
Thành phố Hà Nội,01,Huyện Thanh Trì,020,Xã Yên Mỹ,00661,Xã,3.841,1.540,"5,915","1,286","1,693","1,756","1,180","1,783","1,759"
Thành phố Hà Nội,01,Huyện Thanh Trì,020,Xã Vĩnh Quỳnh,00664,Xã,6.427,4.201,"26,997","6,912","7,679","8,535","3,871","7,087","7,055"
Thành phố Hà Nội,01,Huyện Thanh Trì,020,Xã Ngũ Hiệp,00667,Xã,3.244,4.818,"15,628","3,857","4,421","4,917","2,433","4,133","4,112"
Thành phố Hà Nội,01,Huyện Thanh Trì,020,Xã Duyên Hà,00670,Xã,2.764,2.254,"6,230","1,684","1,691","1,848","1,007","1,885","1,877"
Thành phố Hà Nội,01,Huyện Thanh Trì,020,Xã Ngọc Hồi,00673,Xã,3.805,3.472,"13,212","3,588","3,732","4,094","1,798","3,914","3,904"
Thành phố Hà Nội,01,Huyện Thanh Trì,020,Xã Vạn Phúc,00676,Xã,5.291,2.514,"13,300","3,407","3,694","4,123","2,076","3,788","3,756"
Thành phố Hà Nội,01,Huyện Thanh Trì,020,Xã Đại áng,00679,Xã,5.252,2.185,"11,477","2,824","3,280","3,792","1,581","3,230","3,220"
Thành phố Hà Nội,01,Huyện Thanh Trì,020,Xã Liên Ninh,00682,Xã,4.233,3.808,"16,121","4,352","4,383","4,829","2,557","4,668","4,622"
Thành phố Hà Nội,01,Huyện Thanh Trì,020,Xã Đông Mỹ,00685,Xã,2.770,3.280,"9,085","2,175","2,508","2,814","1,588","2,784","2,776"
Thành phố Hà Nội,01,Quận Bắc Từ Liêm,021,Phường Thượng Cát,00595,Phường,4.159,1.941,"8,074","1,965","2,231","2,551","1,327","2,367","2,355"
Thành phố Hà Nội,01,Quận Bắc Từ Liêm,021,Phường Liên Mạc,00598,Phường,6.390,1.648,"10,529","2,818","2,928","3,247","1,536","2,882","2,864"
Thành phố Hà Nội,01,Quận Bắc Từ Liêm,021,Phường Đông Ngạc,00601,Phường,2.528,9.575,"24,206","6,835","7,208","7,281","2,882","7,285","7,275"
Thành phố Hà Nội,01,Quận Bắc Từ Liêm,021,Phường Đức Thắng,00602,Phường,1.196,16.217,"19,395","2,431","9,276","5,977","1,711","7,488","7,481"
Thành phố Hà Nội,01,Quận Bắc Từ Liêm,021,Phường Thụy Phương,00604,Phường,2.934,4.556,"13,367","3,260","3,847","4,184","2,076","4,039","4,036"
Thành phố Hà Nội,01,Quận Bắc Từ Liêm,021,Phường Tây Tựu,00607,Phường,5.529,3.657,"20,221","4,388","6,456","6,927","2,450","5,857","5,836"
Thành phố Hà Nội,01,Quận Bắc Từ Liêm,021,Phường Xuân Đỉnh,00610,Phường,3.520,11.462,"40,345","10,744","11,919","12,190","5,492","12,140","12,025"
Thành phố Hà Nội,01,Quận Bắc Từ Liêm,021,Phường Xuân Tảo,00611,Phường,2.258,8.135,"18,368","4,545","5,733","5,613","2,477","5,715","5,712"
Thành phố Hà Nội,01,Quận Bắc Từ Liêm,021,Phường Minh Khai,00613,Phường,5.128,5.803,"29,760","5,029","9,299","12,962","2,470","11,297","11,278"
Thành phố Hà Nội,01,Quận Bắc Từ Liêm,021,Phường Cổ Nhuế 1,00616,Phường,2.315,19.915,"46,104","10,789","15,053","15,163","5,099","14,727","14,703"
Thành phố Hà Nội,01,Quận Bắc Từ Liêm,021,Phường Cổ Nhuế 2,00617,Phường,4.136,10.278,"42,510","8,991","13,127","15,872","4,520","14,574","14,536"
Thành phố Hà Nội,01,Quận Bắc Từ Liêm,021,Phường Phú Diễn,00619,Phường,2.846,13.883,"39,512","9,479","12,979","13,132","3,922","12,985","12,968"
Thành phố Hà Nội,01,Quận Bắc Từ Liêm,021,Phường Phúc Diễn,00620,Phường,2.380,9.546,"22,719","4,338","7,625","8,666","2,090","9,728","9,685"
Thành phố Hà Nội,01,Huyện Mê Linh,250,Thị trấn Chi Đông,08973,Thị trấn,4.694,2.718,"12,758","2,702","4,695","4,118","1,243","4,536","4,532"
Thành phố Hà Nội,01,Huyện Mê Linh,250,Xã Đại Thịnh,08974,Xã,8.406,1.521,"12,787","3,480","3,628","3,918","1,761","3,208","3,160"
Thành phố Hà Nội,01,Huyện Mê Linh,250,Xã Kim Hoa,08977,Xã,7.615,1.523,"11,599","3,112","3,203","3,523","1,761","3,018","2,980"
Thành phố Hà Nội,01,Huyện Mê Linh,250,Xã Thạch Đà,08980,Xã,8.063,1.769,"14,267","3,706","3,850","4,363","2,348","3,169","3,125"
Thành phố Hà Nội,01,Huyện Mê Linh,250,Xã Tiến Thắng,08983,Xã,8.566,1.743,"14,930","3,996","4,105","4,884","1,945","3,311","3,250"
Thành phố Hà Nội,01,Huyện Mê Linh,250,Xã Tự Lập,08986,Xã,6.717,1.807,"12,138","3,198","3,367","3,847","1,726","2,691","2,656"
Thành phố Hà Nội,01,Huyện Mê Linh,250,Thị trấn Quang Minh,08989,Thị trấn,9.010,2.735,"24,639","6,041","8,148","8,327","2,123","9,207","9,189"
Thành phố Hà Nội,01,Huyện Mê Linh,250,Xã Thanh Lâm,08992,Xã,12.576,1.477,"18,580","4,930","5,249","5,786","2,615","4,915","4,895"
Thành phố Hà Nội,01,Huyện Mê Linh,250,Xã Tam Đồng,08995,Xã,6.757,1.420,"9,594","2,625","2,696","2,957","1,316","2,436","2,417"
Thành phố Hà Nội,01,Huyện Mê Linh,250,Xã Liên Mạc,08998,Xã,8.178,1.923,"15,724","4,093","4,320","4,940","2,371","3,759","3,734"
Thành phố Hà Nội,01,Huyện Mê Linh,250,Xã Vạn Yên,09001,Xã,3.125,1.659,"5,184","1,355","1,358","1,588",883,"1,205","1,198"
Thành phố Hà Nội,01,Huyện Mê Linh,250,Xã Chu Phan,09004,Xã,8.062,1.310,"10,565","2,735","2,834","3,301","1,695","2,697","2,694"
Thành phố Hà Nội,01,Huyện Mê Linh,250,Xã Tiến Thịnh,09007,Xã,7.428,1.537,"11,418","2,783","3,066","3,554","2,015","2,739","2,739"
Thành phố Hà Nội,01,Huyện Mê Linh,250,Xã Mê Linh,09010,Xã,6.020,2.278,"13,713","3,313","3,930","4,389","2,081","3,554","3,527"
Thành phố Hà Nội,01,Huyện Mê Linh,250,Xã Văn Khê,09013,Xã,13.270,1.172,"15,558","4,113","4,360","4,838","2,247","3,978","3,937"
Thành phố Hà Nội,01,Huyện Mê Linh,250,Xã Hoàng Kim,09016,Xã,6.100,1.005,"6,132","1,549","1,749","1,918",916,"1,508","1,502"
Thành phố Hà Nội,01,Huyện Mê Linh,250,Xã Tiền Phong,09019,Xã,10.582,1.842,"19,493","5,149","5,578","6,061","2,705","5,037","4,986"
Thành phố Hà Nội,01,Huyện Mê Linh,250,Xã Tráng Việt,09022,Xã,7.292,1.574,"11,476","2,991","3,177","3,633","1,675","2,838","2,820"
Thành phố Hà Nội,01,Quận Hà Đông,268,Phường Nguyễn Trãi,09538,Phường,0.421,29.587,"12,459","2,953","3,303","3,465","2,738","3,326","3,324"
Thành phố Hà Nội,01,Quận Hà Đông,268,Phường Mộ Lao,09541,Phường,1.305,26.111,"34,072","8,185","10,185","10,605","5,097","9,440","9,428"
Thành phố Hà Nội,01,Quận Hà Đông,268,Phường Văn Quán,09542,Phường,1.327,19.889,"26,389","5,930","7,737","8,713","4,009","6,260","6,222"
Thành phố Hà Nội,01,Quận Hà Đông,268,Phường Vạn Phúc,09544,Phường,1.452,13.002,"18,877","4,969","5,471","5,589","2,848","4,924","4,719"
Thành phố Hà Nội,01,Quận Hà Đông,268,Phường Yết Kiêu,09547,Phường,0.210,28.902,"6,081","1,465","1,612","1,754","1,250","1,724","1,723"
Thành phố Hà Nội,01,Quận Hà Đông,268,Phường Quang Trung,09550,Phường,0.806,21.379,"17,242","4,197","4,961","4,828","3,256","4,196","4,193"
Thành phố Hà Nội,01,Quận Hà Đông,268,Phường La Khê,09551,Phường,2.876,13.703,"39,405","11,020","11,631","11,830","4,924","10,806","10,772"
Thành phố Hà Nội,01,Quận Hà Đông,268,Phường Phú La,09552,Phường,1.776,13.533,"24,038","6,700","6,974","7,602","2,762","6,486","6,482"
Thành phố Hà Nội,01,Quận Hà Đông,268,Phường Phúc La,09553,Phường,1.374,23.414,"32,173","9,473","9,093","9,278","4,329","8,940","8,894"
Thành phố Hà Nội,01,Quận Hà Đông,268,Phường Hà Cầu,09556,Phường,1.432,15.675,"22,439","6,165","6,532","6,527","3,215","6,096","6,041"
Thành phố Hà Nội,01,Quận Hà Đông,268,Phường Yên Nghĩa,09562,Phường,7.666,4.021,"30,824","9,270","9,161","9,341","3,052","8,205","8,151"
Thành phố Hà Nội,01,Quận Hà Đông,268,Phường Kiến Hưng,09565,Phường,4.266,8.058,"34,375","10,523","9,849","10,215","3,788","9,416","9,402"
Thành phố Hà Nội,01,Quận Hà Đông,268,Phường Phú Lãm,09568,Phường,2.695,5.793,"15,608","4,606","4,538","4,752","1,712","4,314","4,309"
Thành phố Hà Nội,01,Quận Hà Đông,268,Phường Phú Lương,09571,Phường,6.856,3.922,"26,888","7,891","7,496","8,221","3,280","7,187","7,172"
Thành phố Hà Nội,01,Quận Hà Đông,268,Phường Dương Nội,09886,Phường,6.001,5.377,"32,265","9,255","9,459","9,938","3,613","8,252","8,238"
Thành phố Hà Nội,01,Quận Hà Đông,268,Phường Đồng Mai,10117,Phường,6.449,2.538,"16,367","4,396","4,425","5,015","2,531","3,866","3,844"
Thành phố Hà Nội,01,Quận Hà Đông,268,Phường Biên Giang,10123,Phường,2.726,3.064,"8,352","2,312","2,295","2,556","1,189","1,999","1,991"
Thành phố Hà Nội,01,Thị xã Sơn Tây,269,Phường Lê Lợi,09574,Phường,0.863,9.240,"7,974","1,701","2,025","2,263","1,985","2,221","2,219"
Thành phố Hà Nội,01,Thị xã Sơn Tây,269,Phường Phú Thịnh,09577,Phường,2.712,3.090,"8,380","2,090","2,306","2,503","1,481","2,202","2,194"
Thành phố Hà Nội,01,Thị xã Sơn Tây,269,Phường Ngô Quyền,09580,Phường,0.342,16.231,"5,551","1,250","1,381","1,544","1,376","1,599","1,599"
Thành phố Hà Nội,01,Thị xã Sơn Tây,269,Phường Quang Trung,09583,Phường,0.743,11.083,"8,235","1,801","2,092","2,408","1,934","2,217","2,188"
Thành phố Hà Nội,01,Thị xã Sơn Tây,269,Phường Sơn Lộc,09586,Phường,1.185,8.213,"9,732","1,982","2,385","3,604","1,761","2,192","2,177"
Thành phố Hà Nội,01,Thị xã Sơn Tây,269,Phường Xuân Khanh,09589,Phường,4.321,2.323,"10,037","2,280","2,554","3,306","1,897","2,577","2,545"
Thành phố Hà Nội,01,Thị xã Sơn Tây,269,Xã Đường Lâm,09592,Xã,2.944,3.587,"10,559","2,634","2,784","3,031","2,110","2,621","2,599"
Thành phố Hà Nội,01,Thị xã Sơn Tây,269,Phường Viên Sơn,09595,Phường,5.451,1.333,"7,267","1,802","1,931","2,251","1,283","1,915","1,914"
Thành phố Hà Nội,01,Thị xã Sơn Tây,269,Xã Xuân Sơn,09598,Xã,3.550,2.470,"8,769","2,185","2,179","2,922","1,483","2,420","2,412"
Thành phố Hà Nội,01,Thị xã Sơn Tây,269,Phường Trung Hưng,09601,Phường,7.951,1.350,"10,735","2,381","3,244","3,368","1,742","2,519","2,517"
Thành phố Hà Nội,01,Thị xã Sơn Tây,269,Xã Thanh Mỹ,09604,Xã,14.325,0.778,"11,145","2,914","2,921","3,324","1,986","2,857","2,854"
Thành phố Hà Nội,01,Thị xã Sơn Tây,269,Phường Trung Sơn Trầm,09607,Phường,10.904,0.830,"9,045","2,133","2,560","3,007","1,345","2,198","2,191"
Thành phố Hà Nội,01,Thị xã Sơn Tây,269,Xã Kim Sơn,09610,Xã,15.658,0.428,"6,696","1,859","1,797","1,936","1,104","1,983","1,972"
Thành phố Hà Nội,01,Thị xã Sơn Tây,269,Xã Sơn Đông,09613,Xã,20.463,0.731,"14,950","3,842","4,210","4,613","2,285","3,896","3,869"
Thành phố Hà Nội,01,Thị xã Sơn Tây,269,Xã Cổ Đông,09616,Xã,26.016,0.645,"16,781","4,724","4,798","4,923","2,336","4,422","4,400"
Thành phố Hà Nội,01,Huyện Ba Vì,271,Thị trấn Tây Đằng,09619,Thị trấn,12.082,1.290,"15,582","4,346","3,999","4,569","2,668","3,858","3,813"
Thành phố Hà Nội,01,Huyện Ba Vì,271,Xã Phú Cường,09625,Xã,9.271,0.568,"5,268","1,154","1,293","1,569","1,252","1,543","1,532"
Thành phố Hà Nội,01,Huyện Ba Vì,271,Xã Cổ Đô,09628,Xã,8.602,0.955,"8,211","1,767","2,142","2,617","1,685","2,067","2,057"
Thành phố Hà Nội,01,Huyện Ba Vì,271,Xã Tản Hồng,09631,Xã,8.914,1.393,"12,417","2,790","3,182","3,694","2,751","3,303","3,278"
Thành phố Hà Nội,01,Huyện Ba Vì,271,Xã Vạn Thắng,09634,Xã,9.994,1.546,"15,446","4,388","4,008","4,685","2,365","4,047","4,003"
Thành phố Hà Nội,01,Huyện Ba Vì,271,Xã Châu Sơn,09637,Xã,3.592,1.298,"4,661","1,061","1,223","1,458",919,"1,259","1,252"
Thành phố Hà Nội,01,Huyện Ba Vì,271,Xã Phong Vân,09640,Xã,4.818,1.429,"6,887","1,616","1,847","2,087","1,337","1,831","1,812"
Thành phố Hà Nội,01,Huyện Ba Vì,271,Xã Phú Đông,09643,Xã,3.606,1.417,"5,109","1,302","1,311","1,522",974,"1,349","1,341"
Thành phố Hà Nội,01,Huyện Ba Vì,271,Xã Phú Phương,09646,Xã,4.355,1.355,"5,901","1,295","1,536","1,848","1,222","1,509","1,505"
Thành phố Hà Nội,01,Huyện Ba Vì,271,Xã Phú Châu,09649,Xã,9.914,1.103,"10,938","2,603","2,797","3,431","2,107","2,829","2,820"
Thành phố Hà Nội,01,Huyện Ba Vì,271,Xã Thái Hòa,09652,Xã,5.634,1.572,"8,855","2,222","2,360","2,709","1,564","2,302","2,276"
Thành phố Hà Nội,01,Huyện Ba Vì,271,Xã Đồng Thái,09655,Xã,8.243,1.530,"12,609","3,560","3,335","3,833","1,881","2,870","2,836"
Thành phố Hà Nội,01,Huyện Ba Vì,271,Xã Phú Sơn,09658,Xã,13.744,0.711,"9,769","2,414","2,653","3,113","1,589","2,457","2,448"
Thành phố Hà Nội,01,Huyện Ba Vì,271,Xã Minh Châu,09661,Xã,5.633,1.043,"5,873","1,585","1,533","1,704","1,051","1,262","1,251"
Thành phố Hà Nội,01,Huyện Ba Vì,271,Xã Vật Lại,09664,Xã,14.431,0.965,"13,932","4,066","3,658","4,172","2,036","2,969","2,945"
Thành phố Hà Nội,01,Huyện Ba Vì,271,Xã Chu Minh,09667,Xã,5.065,1.568,"7,940","2,125","2,043","2,386","1,386","1,756","1,746"
Thành phố Hà Nội,01,Huyện Ba Vì,271,Xã Tòng Bạt,09670,Xã,8.242,1.219,"10,048","2,419","2,673","3,113","1,843","2,235","2,208"
Thành phố Hà Nội,01,Huyện Ba Vì,271,Xã Cẩm Lĩnh,09673,Xã,26.622,0.444,"11,809","3,295","3,006","3,465","2,043","3,156","3,136"
Thành phố Hà Nội,01,Huyện Ba Vì,271,Xã Sơn Đà,09676,Xã,12.094,0.768,"9,289","2,129","2,503","2,887","1,770","2,196","2,186"
Thành phố Hà Nội,01,Huyện Ba Vì,271,Xã Đông Quang,09679,Xã,3.820,1.358,"5,186","1,348","1,339","1,582",917,"1,242","1,230"
Thành phố Hà Nội,01,Huyện Ba Vì,271,Xã Tiên Phong,09682,Xã,8.759,0.925,"8,103","2,141","2,149","2,472","1,341","2,182","2,175"
Thành phố Hà Nội,01,Huyện Ba Vì,271,Xã Thụy An,09685,Xã,16.478,0.587,"9,671","2,575","2,517","2,996","1,583","2,217","2,199"
Thành phố Hà Nội,01,Huyện Ba Vì,271,Xã Cam Thượng,09688,Xã,8.274,0.884,"7,312","1,868","1,914","2,165","1,365","1,787","1,759"
Thành phố Hà Nội,01,Huyện Ba Vì,271,Xã Thuần Mỹ,09691,Xã,12.406,0.495,"6,139","1,337","1,699","1,999","1,104","1,439","1,439"
Thành phố Hà Nội,01,Huyện Ba Vì,271,Xã Tản Lĩnh,09694,Xã,27.742,0.550,"15,269","3,994","4,133","4,555","2,587","3,925","3,913"
Thành phố Hà Nội,01,Huyện Ba Vì,271,Xã Ba Trại,09697,Xã,20.173,0.722,"14,558","3,787","4,041","4,433","2,297","3,446","3,407"
Thành phố Hà Nội,01,Huyện Ba Vì,271,Xã Minh Quang,09700,Xã,27.909,0.453,"12,635","2,899","3,499","4,054","2,183","3,057","3,054"
Thành phố Hà Nội,01,Huyện Ba Vì,271,Xã Ba Vì,09703,Xã,25.407,0.090,"2,279",561,659,814,245,522,522
Thành phố Hà Nội,01,Huyện Ba Vì,271,Xã Vân Hòa,09706,Xã,32.914,0.353,"11,618","2,985","3,220","3,769","1,644","2,998","2,980"
Thành phố Hà Nội,01,Huyện Ba Vì,271,Xã Yên Bài,09709,Xã,35.419,0.250,"8,846","2,213","2,316","3,238","1,079","1,975","1,972"
Thành phố Hà Nội,01,Huyện Ba Vì,271,Xã Khánh Thượng,09712,Xã,28.848,0.292,"8,420","1,986","2,356","2,765","1,313","1,999","1,992"
Thành phố Hà Nội,01,Huyện Phúc Thọ,272,Thị trấn Phúc Thọ,09715,Thị trấn,3.738,2.333,"8,720","2,251","2,376","2,602","1,491","2,248","2,210"
Thành phố Hà Nội,01,Huyện Phúc Thọ,272,Xã Vân Hà,09718,Xã,5.231,0.405,"2,118",540,549,647,382,494,489
Thành phố Hà Nội,01,Huyện Phúc Thọ,272,Xã Vân Phúc,09721,Xã,6.335,0.997,"6,314","1,534","1,675","1,849","1,256","1,624","1,605"
Thành phố Hà Nội,01,Huyện Phúc Thọ,272,Xã Vân Nam,09724,Xã,5.248,1.238,"6,495","1,484","1,699","1,945","1,367","1,640","1,630"
Thành phố Hà Nội,01,Huyện Phúc Thọ,272,Xã Xuân Phú,09727,Xã,4.902,1.169,"5,732","1,392","1,434","1,697","1,209","1,533","1,529"
Thành phố Hà Nội,01,Huyện Phúc Thọ,272,Xã Phương Độ,09730,Xã,4.260,0.401,"1,710",470,412,458,370,442,440
Thành phố Hà Nội,01,Huyện Phúc Thọ,272,Xã Sen Chiểu,09733,Xã,2.339,4.294,"10,042","2,595","2,633","3,083","1,731","2,763","2,737"
Thành phố Hà Nội,01,Huyện Phúc Thọ,272,Xã Cẩm Đình,09736,Xã,5.551,0.555,"3,080",733,791,857,699,885,883
Thành phố Hà Nội,01,Huyện Phúc Thọ,272,Xã Võng Xuyên,09739,Xã,7.478,2.284,"17,082","4,302","4,621","5,333","2,826","4,232","4,211"
Thành phố Hà Nội,01,Huyện Phúc Thọ,272,Xã Thọ Lộc,09742,Xã,6.761,1.302,"8,804","1,986","2,752","2,717","1,349","2,008","1,993"
Thành phố Hà Nội,01,Huyện Phúc Thọ,272,Xã Long Xuyên,09745,Xã,3.259,2.567,"8,366","2,170","2,141","2,475","1,580","2,310","2,283"
Thành phố Hà Nội,01,Huyện Phúc Thọ,272,Xã Thượng Cốc,09748,Xã,4.362,1.256,"5,477","1,302","1,471","1,750",954,"1,270","1,269"
Thành phố Hà Nội,01,Huyện Phúc Thọ,272,Xã Hát Môn,09751,Xã,3.804,1.964,"7,470","1,932","1,892","2,113","1,533","1,893","1,887"
Thành phố Hà Nội,01,Huyện Phúc Thọ,272,Xã Tích Giang,09754,Xã,6.203,1.386,"8,600","1,992","2,261","2,551","1,796","2,284","2,260"
Thành phố Hà Nội,01,Huyện Phúc Thọ,272,Xã Thanh Đa,09757,Xã,4.152,1.753,"7,280","1,775","1,982","2,265","1,258","1,840","1,811"
Thành phố Hà Nội,01,Huyện Phúc Thọ,272,Xã Trạch Mỹ Lộc,09760,Xã,6.585,1.085,"7,143","1,816","1,856","2,190","1,281","1,794","1,789"
Thành phố Hà Nội,01,Huyện Phúc Thọ,272,Xã Phúc Hòa,09763,Xã,4.465,1.536,"6,856","1,630","1,867","2,140","1,219","1,797","1,794"
Thành phố Hà Nội,01,Huyện Phúc Thọ,272,Xã Ngọc Tảo,09766,Xã,5.484,1.569,"8,601","2,182","2,244","2,557","1,618","2,267","2,247"
Thành phố Hà Nội,01,Huyện Phúc Thọ,272,Xã Phụng Thượng,09769,Xã,4.943,2.852,"14,099","3,196","4,026","4,448","2,429","3,901","3,876"
Thành phố Hà Nội,01,Huyện Phúc Thọ,272,Xã Tam Thuấn,09772,Xã,6.258,1.051,"6,578","1,663","1,760","2,015","1,140","1,674","1,658"
Thành phố Hà Nội,01,Huyện Phúc Thọ,272,Xã Tam Hiệp,09775,Xã,5.649,2.178,"12,306","3,371","3,295","3,608","2,032","3,204","3,166"
Thành phố Hà Nội,01,Huyện Phúc Thọ,272,Xã Hiệp Thuận,09778,Xã,7.361,1.450,"10,673","2,567","2,939","3,398","1,769","2,766","2,722"
Thành phố Hà Nội,01,Huyện Phúc Thọ,272,Xã Liên Hiệp,09781,Xã,4.265,2.457,"10,478","2,680","2,877","3,310","1,611","2,570","2,541"
Thành phố Hà Nội,01,Huyện Đan Phượng,273,Thị trấn Phùng,09784,Thị trấn,2.634,4.026,"10,605","2,485","2,990","3,184","1,946","2,646","2,619"
Thành phố Hà Nội,01,Huyện Đan Phượng,273,Xã Trung Châu,09787,Xã,8.076,1.109,"8,959","2,312","2,434","2,738","1,475","2,061","2,011"
Thành phố Hà Nội,01,Huyện Đan Phượng,273,Xã Thọ An,09790,Xã,5.591,2.067,"11,558","2,904","3,192","3,579","1,883","2,609","2,566"
Thành phố Hà Nội,01,Huyện Đan Phượng,273,Xã Thọ Xuân,09793,Xã,4.474,2.363,"10,570","2,553","2,960","3,321","1,736","2,430","2,377"
Thành phố Hà Nội,01,Huyện Đan Phượng,273,Xã Hồng Hà,09796,Xã,9.864,1.270,"12,525","3,033","3,402","3,957","2,133","3,056","3,022"
Thành phố Hà Nội,01,Huyện Đan Phượng,273,Xã Liên Hồng,09799,Xã,5.275,1.501,"7,918","2,035","2,122","2,374","1,387","2,190","2,173"
Thành phố Hà Nội,01,Huyện Đan Phượng,273,Xã Liên Hà,09802,Xã,3.482,2.570,"8,951","2,382","2,505","2,732","1,332","2,208","2,156"
Thành phố Hà Nội,01,Huyện Đan Phượng,273,Xã Hạ Mỗ,09805,Xã,3.771,2.328,"8,777","2,089","2,431","2,649","1,608","2,375","2,331"
Thành phố Hà Nội,01,Huyện Đan Phượng,273,Xã Liên Trung,09808,Xã,4.647,1.743,"8,100","2,085","2,173","2,489","1,353","2,150","2,090"
Thành phố Hà Nội,01,Huyện Đan Phượng,273,Xã Phương Đình,09811,Xã,6.255,2.032,"12,707","2,995","3,510","4,041","2,161","2,932","2,884"
Thành phố Hà Nội,01,Huyện Đan Phượng,273,Xã Thượng Mỗ,09814,Xã,3.544,2.629,"9,319","2,414","2,655","2,900","1,350","2,189","2,134"
Thành phố Hà Nội,01,Huyện Đan Phượng,273,Xã Tân Hội,09817,Xã,5.547,3.455,"19,164","4,249","5,398","6,116","3,401","5,478","5,438"
Thành phố Hà Nội,01,Huyện Đan Phượng,273,Xã Tân Lập,09820,Xã,5.720,3.971,"22,711","6,013","6,450","6,896","3,352","6,604","6,526"
Thành phố Hà Nội,01,Huyện Đan Phượng,273,Xã Đan Phượng,09823,Xã,3.807,2.423,"9,224","2,226","2,505","2,803","1,690","2,486","2,482"
Thành phố Hà Nội,01,Huyện Đan Phượng,273,Xã Đồng Tháp,09826,Xã,2.767,3.004,"8,313","2,044","2,247","2,597","1,425","1,966","1,870"
Thành phố Hà Nội,01,Huyện Đan Phượng,273,Xã Song Phượng,09829,Xã,2.551,1.999,"5,100","1,271","1,433","1,483",913,"1,246","1,224"
Thành phố Hà Nội,01,Huyện Hoài Đức,274,Thị trấn Trạm Trôi,09832,Thị trấn,1.224,5.079,"6,217","1,610","1,789","1,864",954,"1,565","1,533"
Thành phố Hà Nội,01,Huyện Hoài Đức,274,Xã Đức Thượng,09835,Xã,5.135,2.899,"14,884","4,020","4,227","4,602","2,035","3,820","3,771"
Thành phố Hà Nội,01,Huyện Hoài Đức,274,Xã Minh Khai,09838,Xã,1.935,3.163,"6,120","1,497","1,718","1,894","1,011","1,461","1,418"
Thành phố Hà Nội,01,Huyện Hoài Đức,274,Xã Dương Liễu,09841,Xã,4.319,3.088,"13,339","3,186","3,657","4,138","2,358","3,143","3,081"
Thành phố Hà Nội,01,Huyện Hoài Đức,274,Xã Di Trạch,09844,Xã,2.823,3.761,"10,618","2,700","2,874","3,695","1,349","3,204","3,179"
Thành phố Hà Nội,01,Huyện Hoài Đức,274,Xã Đức Giang,09847,Xã,3.284,3.905,"12,824","3,202","3,622","4,062","1,938","3,417","3,393"
Thành phố Hà Nội,01,Huyện Hoài Đức,274,Xã Cát Quế,09850,Xã,4.282,4.053,"17,356","4,390","4,927","5,675","2,364","4,084","4,035"
Thành phố Hà Nội,01,Huyện Hoài Đức,274,Xã Kim Chung,09853,Xã,3.877,4.301,"16,677","4,667","4,859","5,057","2,094","4,338","4,319"
Thành phố Hà Nội,01,Huyện Hoài Đức,274,Xã Yên Sở,09856,Xã,4.984,2.220,"11,063","2,539","2,994","3,321","2,209","2,839","2,796"
Thành phố Hà Nội,01,Huyện Hoài Đức,274,Xã Sơn Đồng,09859,Xã,3.453,2.937,"10,141","2,712","2,742","3,129","1,558","2,663","2,590"
Thành phố Hà Nội,01,Huyện Hoài Đức,274,Xã Vân Canh,09862,Xã,4.483,3.175,"14,235","4,098","3,886","4,226","2,025","3,595","3,581"
Thành phố Hà Nội,01,Huyện Hoài Đức,274,Xã Đắc Sở,09865,Xã,2.006,2.426,"4,868","1,263","1,338","1,473",794,"1,271","1,253"
Thành phố Hà Nội,01,Huyện Hoài Đức,274,Xã Lại Yên,09868,Xã,3.358,2.298,"7,718","2,079","2,041","2,273","1,325","2,196","2,190"
Thành phố Hà Nội,01,Huyện Hoài Đức,274,Xã Tiền Yên,09871,Xã,3.088,2.265,"6,993","1,732","1,962","2,234","1,065","2,000","1,960"
Thành phố Hà Nội,01,Huyện Hoài Đức,274,Xã Song Phương,09874,Xã,5.709,2.337,"13,340","3,403","3,761","4,157","2,019","3,341","3,264"
Thành phố Hà Nội,01,Huyện Hoài Đức,274,Xã An Khánh,09877,Xã,8.468,4.843,"41,011","11,965","12,061","12,855","4,130","11,437","11,388"
Thành phố Hà Nội,01,Huyện Hoài Đức,274,Xã An Thượng,09880,Xã,7.846,2.146,"16,838","4,775","4,520","5,145","2,398","4,362","4,327"
Thành phố Hà Nội,01,Huyện Hoài Đức,274,Xã Vân Côn,09883,Xã,6.698,2.108,"14,115","3,927","3,959","4,424","1,805","3,670","3,644"
Thành phố Hà Nội,01,Huyện Hoài Đức,274,Xã La Phù,09889,Xã,3.464,3.425,"11,863","3,055","3,339","3,757","1,712","3,231","3,228"
Thành phố Hà Nội,01,Huyện Hoài Đức,274,Xã Đông La,09892,Xã,4.494,2.839,"12,758","3,702","3,444","3,807","1,805","3,306","3,267"
Thành phố Hà Nội,01,Huyện Quốc Oai,275,Xã Đông Xuân,04939,Xã,10.117,0.538,"5,444","1,361","1,585","1,868",630,"1,279","1,279"
Thành phố Hà Nội,01,Huyện Quốc Oai,275,Thị trấn Quốc Oai,09895,Thị trấn,2.655,5.458,"14,491","3,684","3,944","4,413","2,450","3,588","3,558"
Thành phố Hà Nội,01,Huyện Quốc Oai,275,Xã Sài Sơn,09898,Xã,4.263,4.729,"20,161","5,074","5,486","6,047","3,554","5,464","5,438"
Thành phố Hà Nội,01,Huyện Quốc Oai,275,Xã Phượng Cách,09901,Xã,5.089,1.253,"6,376","1,877","1,697","1,826",976,"1,710","1,700"
Thành phố Hà Nội,01,Huyện Quốc Oai,275,Xã Yên Sơn,09904,Xã,10.994,0.708,"7,780","2,003","2,094","2,339","1,344","2,079","2,062"
Thành phố Hà Nội,01,Huyện Quốc Oai,275,Xã Ngọc Liệp,09907,Xã,2.093,4.317,"9,035","2,262","2,535","2,896","1,342","2,453","2,442"
Thành phố Hà Nội,01,Huyện Quốc Oai,275,Xã Ngọc Mỹ,09910,Xã,5.565,2.162,"12,030","3,053","3,228","3,642","2,107","3,156","3,129"
Thành phố Hà Nội,01,Huyện Quốc Oai,275,Xã Liệp Tuyết,09913,Xã,3.671,1.533,"5,627","1,408","1,494","1,701","1,024","1,464","1,457"
Thành phố Hà Nội,01,Huyện Quốc Oai,275,Xã Thạch Thán,09916,Xã,9.858,0.720,"7,101","1,831","1,953","2,181","1,136","2,047","2,044"
Thành phố Hà Nội,01,Huyện Quốc Oai,275,Xã Đồng Quang,09919,Xã,6.387,2.395,"15,297","4,111","4,137","4,702","2,347","4,038","4,014"
Thành phố Hà Nội,01,Huyện Quốc Oai,275,Xã Phú Cát,09922,Xã,3.938,2.159,"8,503","2,284","2,415","2,723","1,081","2,153","2,145"
Thành phố Hà Nội,01,Huyện Quốc Oai,275,Xã Tuyết Nghĩa,09925,Xã,5.144,1.393,"7,167","1,854","1,915","2,180","1,218","1,577","1,566"
Thành phố Hà Nội,01,Huyện Quốc Oai,275,Xã Nghĩa Hương,09928,Xã,12.700,0.574,"7,286","1,655","2,086","2,238","1,307","2,017","1,998"
Thành phố Hà Nội,01,Huyện Quốc Oai,275,Xã Cộng Hòa,09931,Xã,18.377,0.407,"7,483","1,674","2,161","2,461","1,187","1,817","1,779"
Thành phố Hà Nội,01,Huyện Quốc Oai,275,Xã Tân Phú,09934,Xã,11.207,0.525,"5,887","1,598","1,609","1,911",769,"1,378","1,374"
Thành phố Hà Nội,01,Huyện Quốc Oai,275,Xã Đại Thành,09937,Xã,8.993,0.735,"6,606","1,892","1,812","2,021",881,"1,642","1,614"
Thành phố Hà Nội,01,Huyện Quốc Oai,275,Xã Phú Mãn,09940,Xã,4.462,0.523,"2,332",582,695,762,293,596,595
Thành phố Hà Nội,01,Huyện Quốc Oai,275,Xã Cấn Hữu,09943,Xã,3.844,2.771,"10,650","2,540","2,901","3,283","1,926","3,054","3,035"
Thành phố Hà Nội,01,Huyện Quốc Oai,275,Xã Tân Hòa,09946,Xã,2.921,2.808,"8,202","2,017","2,315","2,571","1,299","1,845","1,810"
Thành phố Hà Nội,01,Huyện Quốc Oai,275,Xã Hòa Thạch,09949,Xã,2.698,5.076,"13,696","3,729","3,815","4,189","1,963","3,446","3,439"
Thành phố Hà Nội,01,Huyện Quốc Oai,275,Xã Đông Yên,09952,Xã,16.153,0.821,"13,258","3,515","3,541","4,062","2,140","3,128","3,118"
Thành phố Hà Nội,01,Huyện Thạch Thất,276,Xã Yên Trung,04927,Xã,2.976,1.294,"3,850",931,"1,085","1,327",507,941,935
Thành phố Hà Nội,01,Huyện Thạch Thất,276,Xã Yên Bình,04930,Xã,5.310,1.379,"7,323","1,966","2,018","2,276","1,063","1,833","1,822"
Thành phố Hà Nội,01,Huyện Thạch Thất,276,Xã Tiến Xuân,04936,Xã,4.088,1.860,"7,605","1,945","2,116","2,479","1,065","1,773","1,768"
Thành phố Hà Nội,01,Huyện Thạch Thất,276,Thị trấn Liên Quan,09955,Thị trấn,8.783,0.746,"6,552","1,553","1,801","2,032","1,166","1,829","1,822"
Thành phố Hà Nội,01,Huyện Thạch Thất,276,Xã Đại Đồng,09958,Xã,6.225,1.654,"10,294","2,456","2,892","3,129","1,817","2,869","2,852"
Thành phố Hà Nội,01,Huyện Thạch Thất,276,Xã Cẩm Yên,09961,Xã,4.780,1.098,"5,247","1,284","1,454","1,655",854,"1,232","1,232"
Thành phố Hà Nội,01,Huyện Thạch Thất,276,Xã Lại Thượng,09964,Xã,5.048,1.983,"10,009","2,485","2,710","3,132","1,682","2,555","2,545"
Thành phố Hà Nội,01,Huyện Thạch Thất,276,Xã Phú Kim,09967,Xã,4.620,2.116,"9,777","2,486","2,607","2,918","1,766","2,942","2,926"
Thành phố Hà Nội,01,Huyện Thạch Thất,276,Xã Hương Ngải,09970,Xã,3.158,2.686,"8,482","2,092","2,196","2,508","1,686","2,444","2,443"
Thành phố Hà Nội,01,Huyện Thạch Thất,276,Xã Canh Nậu,09973,Xã,11.759,1.267,"14,897","3,850","4,134","4,863","2,050","3,490","3,471"
Thành phố Hà Nội,01,Huyện Thạch Thất,276,Xã Kim Quan,09976,Xã,2.734,3.207,"8,768","2,396","2,299","2,603","1,470","2,360","2,359"
Thành phố Hà Nội,01,Huyện Thạch Thất,276,Xã Dị Nậu,09979,Xã,30.570,0.251,"7,682","1,971","2,086","2,435","1,190","1,928","1,916"
Thành phố Hà Nội,01,Huyện Thạch Thất,276,Xã Bình Yên,09982,Xã,7.173,1.702,"12,210","3,342","3,404","3,715","1,749","3,026","3,005"
Thành phố Hà Nội,01,Huyện Thạch Thất,276,Xã Chàng Sơn,09985,Xã,1.861,5.386,"10,024","2,721","2,733","3,022","1,548","2,615","2,579"
Thành phố Hà Nội,01,Huyện Thạch Thất,276,Xã Thạch Hoà,09988,Xã,4.655,2.640,"12,290","2,204","3,300","5,625","1,161","2,762","2,747"
Thành phố Hà Nội,01,Huyện Thạch Thất,276,Xã Cần Kiệm,09991,Xã,8.496,1.154,"9,807","2,711","2,548","2,877","1,671","2,434","2,428"
Thành phố Hà Nội,01,Huyện Thạch Thất,276,Xã Hữu Bằng,09994,Xã,3.356,5.208,"17,477","4,827","4,823","5,360","2,467","4,494","4,477"
Thành phố Hà Nội,01,Huyện Thạch Thất,276,Xã Phùng Xá,09997,Xã,4.957,2.636,"13,069","3,487","3,608","4,099","1,875","3,400","3,332"
Thành phố Hà Nội,01,Huyện Thạch Thất,276,Xã Tân Xã,10000,Xã,7.112,0.811,"5,765","1,631","1,531","1,704",899,"1,354","1,353"
Thành phố Hà Nội,01,Huyện Thạch Thất,276,Xã Thạch Xá,10003,Xã,6.649,1.137,"7,562","2,027","2,023","2,302","1,210","2,108","2,079"
Thành phố Hà Nội,01,Huyện Thạch Thất,276,Xã Bình Phú,10006,Xã,15.631,0.851,"13,309","3,601","3,695","4,226","1,787","3,235","3,211"
Thành phố Hà Nội,01,Huyện Thạch Thất,276,Xã Hạ Bằng,10009,Xã,16.620,0.435,"7,229","1,802","1,936","2,111","1,380","1,788","1,774"
Thành phố Hà Nội,01,Huyện Thạch Thất,276,Xã Đồng Trúc,10012,Xã,20.881,0.351,"7,326","1,723","2,054","2,346","1,203","1,835","1,834"
Thành phố Hà Nội,01,Huyện Chương Mỹ,277,Thị trấn Chúc Sơn,10015,Thị trấn,5.049,2.808,"14,177","3,888","3,847","4,254","2,188","3,227","3,190"
Thành phố Hà Nội,01,Huyện Chương Mỹ,277,Thị trấn Xuân Mai,10018,Thị trấn,9.616,2.314,"22,252","5,520","6,434","7,050","3,248","5,586","5,575"
Thành phố Hà Nội,01,Huyện Chương Mỹ,277,Xã Phụng Châu,10021,Xã,5.481,2.360,"12,936","3,257","3,552","4,305","1,822","3,092","3,082"
Thành phố Hà Nội,01,Huyện Chương Mỹ,277,Xã Tiên Phương,10024,Xã,8.116,2.066,"16,764","4,498","4,452","5,096","2,718","4,085","4,051"
Thành phố Hà Nội,01,Huyện Chương Mỹ,277,Xã Đông Sơn,10027,Xã,8.056,1.343,"10,822","2,907","2,919","3,312","1,684","2,510","2,467"
Thành phố Hà Nội,01,Huyện Chương Mỹ,277,Xã Đông Phương Yên,10030,Xã,4.792,2.440,"11,693","3,081","3,203","3,684","1,725","2,762","2,730"
Thành phố Hà Nội,01,Huyện Chương Mỹ,277,Xã Phú Nghĩa,10033,Xã,4.659,2.570,"11,971","3,242","3,342","3,766","1,621","3,092","3,078"
Thành phố Hà Nội,01,Huyện Chương Mỹ,277,Xã Trường Yên,10039,Xã,3.371,3.546,"11,954","3,084","3,321","3,758","1,791","2,806","2,794"
Thành phố Hà Nội,01,Huyện Chương Mỹ,277,Xã Ngọc Hòa,10042,Xã,4.678,1.957,"9,156","2,582","2,484","2,756","1,334","2,362","2,355"
Thành phố Hà Nội,01,Huyện Chương Mỹ,277,Xã Thủy Xuân Tiên,10045,Xã,3.981,4.740,"18,869","5,151","5,170","5,670","2,878","4,761","4,751"
Thành phố Hà Nội,01,Huyện Chương Mỹ,277,Xã Thanh Bình,10048,Xã,3.189,2.326,"7,417","1,898","1,958","2,344","1,217","1,795","1,792"
Thành phố Hà Nội,01,Huyện Chương Mỹ,277,Xã Trung Hòa,10051,Xã,7.169,1.591,"11,405","2,941","3,202","3,665","1,597","2,546","2,543"
Thành phố Hà Nội,01,Huyện Chương Mỹ,277,Xã Đại Yên,10054,Xã,4.879,1.337,"6,523","1,834","1,726","1,916","1,047","1,648","1,642"
Thành phố Hà Nội,01,Huyện Chương Mỹ,277,Xã Thụy Hương,10057,Xã,4.358,2.206,"9,614","2,625","2,522","2,863","1,604","2,234","2,228"
Thành phố Hà Nội,01,Huyện Chương Mỹ,277,Xã Tốt Động,10060,Xã,5.873,2.514,"14,766","4,187","3,843","4,644","2,092","3,388","3,375"
Thành phố Hà Nội,01,Huyện Chương Mỹ,277,Xã Lam Điền,10063,Xã,6.918,1.691,"11,695","3,024","3,133","3,605","1,933","2,991","2,974"
Thành phố Hà Nội,01,Huyện Chương Mỹ,277,Xã Tân Tiến,10066,Xã,8.175,1.393,"11,385","3,112","3,139","3,582","1,552","2,686","2,681"
Thành phố Hà Nội,01,Huyện Chương Mỹ,277,Xã Nam Phương Tiến,10069,Xã,8.250,1.232,"10,160","2,614","2,782","3,296","1,468","2,317","2,300"
Thành phố Hà Nội,01,Huyện Chương Mỹ,277,Xã Hợp Đồng,10072,Xã,6.007,1.181,"7,095","1,847","1,871","2,116","1,261","1,852","1,836"
Thành phố Hà Nội,01,Huyện Chương Mỹ,277,Xã Hoàng Văn Thụ,10075,Xã,6.619,1.891,"12,516","3,305","3,324","3,874","2,013","3,160","3,151"
Thành phố Hà Nội,01,Huyện Chương Mỹ,277,Xã Hoàng Diệu,10078,Xã,9.136,1.196,"10,924","2,931","2,907","3,412","1,674","2,684","2,675"
Thành phố Hà Nội,01,Huyện Chương Mỹ,277,Xã Hữu Văn,10081,Xã,6.453,1.474,"9,509","2,623","2,519","2,941","1,426","2,189","2,170"
Thành phố Hà Nội,01,Huyện Chương Mỹ,277,Xã Quảng Bị,10084,Xã,7.465,1.609,"12,010","3,066","3,206","3,572","2,166","3,084","3,068"
Thành phố Hà Nội,01,Huyện Chương Mỹ,277,Xã Mỹ Lương,10087,Xã,5.306,1.573,"8,347","2,323","2,211","2,536","1,277","2,139","2,116"
Thành phố Hà Nội,01,Huyện Chương Mỹ,277,Xã Thượng Vực,10090,Xã,13.731,0.495,"6,803","1,869","1,750","2,087","1,097","1,698","1,683"
Thành phố Hà Nội,01,Huyện Chương Mỹ,277,Xã Hồng Phong,10093,Xã,13.116,0.350,"4,588","1,274","1,166","1,381",767,"1,121","1,114"
Thành phố Hà Nội,01,Huyện Chương Mỹ,277,Xã Đồng Phú,10096,Xã,16.097,0.383,"6,163","1,717","1,637","1,865",944,"1,585","1,573"
Thành phố Hà Nội,01,Huyện Chương Mỹ,277,Xã Trần Phú,10099,Xã,12.869,0.742,"9,550","2,598","2,526","2,884","1,542","2,446","2,430"
Thành phố Hà Nội,01,Huyện Chương Mỹ,277,Xã Văn Võ,10102,Xã,5.607,1.612,"9,036","2,417","2,398","2,888","1,333","2,136","2,131"
Thành phố Hà Nội,01,Huyện Chương Mỹ,277,Xã Đồng Lạc,10105,Xã,7.125,0.765,"5,449","1,483","1,373","1,585","1,008","1,469","1,467"
Thành phố Hà Nội,01,Huyện Chương Mỹ,277,Xã Hòa Chính,10108,Xã,16.131,0.442,"7,127","1,840","1,904","2,218","1,165","1,762","1,758"
Thành phố Hà Nội,01,Huyện Chương Mỹ,277,Xã Phú Nam An,10111,Xã,5.112,0.910,"4,650","1,145","1,210","1,376",919,"1,340","1,335"
Thành phố Hà Nội,01,Huyện Thanh Oai,278,Thị trấn Kim Bài,10114,Thị trấn,4.323,1.635,"7,069","1,704","1,892","2,120","2,041","2,041","2,024"
Thành phố Hà Nội,01,Huyện Thanh Oai,278,Xã Cự Khê,10120,Xã,5.791,2.851,"16,508","5,022","4,837","5,255","5,154","5,154","5,138"
Thành phố Hà Nội,01,Huyện Thanh Oai,278,Xã Bích Hòa,10126,Xã,5.120,2.248,"11,511","3,053","3,232","3,739","3,315","3,315","3,315"
Thành phố Hà Nội,01,Huyện Thanh Oai,278,Xã Mỹ Hưng,10129,Xã,6.330,1.126,"7,126","1,856","1,959","2,245","1,931","1,931","1,917"
Thành phố Hà Nội,01,Huyện Thanh Oai,278,Xã Cao Viên,10132,Xã,7.190,2.744,"19,726","5,268","5,314","6,024","5,451","5,451","5,400"
Thành phố Hà Nội,01,Huyện Thanh Oai,278,Xã Bình Minh,10135,Xã,6.736,2.143,"14,435","3,588","3,841","4,506","3,918","3,918","3,886"
Thành phố Hà Nội,01,Huyện Thanh Oai,278,Xã Tam Hưng,10138,Xã,11.058,1.090,"12,051","2,911","3,149","3,584","3,548","3,548","3,490"
Thành phố Hà Nội,01,Huyện Thanh Oai,278,Xã Thanh Cao,10141,Xã,4.639,2.302,"10,681","2,619","2,871","3,342","2,886","2,886","2,859"
Thành phố Hà Nội,01,Huyện Thanh Oai,278,Xã Thanh Thùy,10144,Xã,5.309,1.607,"8,531","2,524","2,258","2,642","2,263","2,263","2,261"
Thành phố Hà Nội,01,Huyện Thanh Oai,278,Xã Thanh Mai,10147,Xã,5.498,2.011,"11,056","2,765","3,079","3,365","3,144","3,144","3,123"
Thành phố Hà Nội,01,Huyện Thanh Oai,278,Xã Thanh Văn,10150,Xã,6.649,1.001,"6,656","1,730","1,782","2,032","1,854","1,854","1,851"
Thành phố Hà Nội,01,Huyện Thanh Oai,278,Xã Đỗ Động,10153,Xã,6.329,1.016,"6,432","1,553","1,742","2,018","1,850","1,850","1,849"
Thành phố Hà Nội,01,Huyện Thanh Oai,278,Xã Kim An,10156,Xã,3.111,1.156,"3,597",834,966,"1,084","1,010","1,010","1,010"
Thành phố Hà Nội,01,Huyện Thanh Oai,278,Xã Kim Thư,10159,Xã,3.005,1.991,"5,984","1,516","1,600","1,783","1,666","1,666","1,655"
Thành phố Hà Nội,01,Huyện Thanh Oai,278,Xã Phương Trung,10162,Xã,4.817,3.410,"16,424","4,266","4,378","4,896","4,718","4,718","4,692"
Thành phố Hà Nội,01,Huyện Thanh Oai,278,Xã Tân Ước,10165,Xã,8.702,0.899,"7,826","1,706","2,091","2,408","2,338","2,338","2,328"
Thành phố Hà Nội,01,Huyện Thanh Oai,278,Xã Dân Hòa,10168,Xã,5.171,1.648,"8,522","2,245","2,189","2,489","2,628","2,628","2,607"
Thành phố Hà Nội,01,Huyện Thanh Oai,278,Xã Liên Châu,10171,Xã,6.187,1.294,"8,008","2,240","2,125","2,454","2,207","2,207","2,187"
Thành phố Hà Nội,01,Huyện Thanh Oai,278,Xã Cao Dương,10174,Xã,4.457,2.456,"10,947","2,951","2,880","3,348","2,980","2,980","2,964"
Thành phố Hà Nội,01,Huyện Thanh Oai,278,Xã Xuân Dương,10177,Xã,3.568,1.652,"5,895","1,561","1,529","1,803","1,709","1,709","1,688"
Thành phố Hà Nội,01,Huyện Thanh Oai,278,Xã Hồng Dương,10180,Xã,9.879,1.219,"12,044","3,093","3,236","3,607","3,360","3,360","3,360"
Thành phố Hà Nội,01,Huyện Thường Tín,279,Thị trấn Thường Tín,10183,Thị trấn,0.786,7.857,"6,178","1,389","1,916","1,895","1,492","1,492","1,492"
Thành phố Hà Nội,01,Huyện Thường Tín,279,Xã Ninh Sở,10186,Xã,4.859,2.049,"9,956","2,456","2,682","3,001","2,719","2,719","2,690"
Thành phố Hà Nội,01,Huyện Thường Tín,279,Xã Nhị Khê,10189,Xã,2.797,2.770,"7,750","2,034","2,093","2,272","2,070","2,070","2,063"
Thành phố Hà Nội,01,Huyện Thường Tín,279,Xã Duyên Thái,10192,Xã,4.023,2.992,"12,037","3,179","3,156","3,595","3,391","3,391","3,379"
Thành phố Hà Nội,01,Huyện Thường Tín,279,Xã Khánh Hà,10195,Xã,4.759,2.506,"11,925","3,254","3,272","3,652","3,193","3,193","3,154"
Thành phố Hà Nội,01,Huyện Thường Tín,279,Xã Hòa Bình,10198,Xã,3.908,1.856,"7,254","1,750","2,006","2,299","1,922","1,922","1,921"
Thành phố Hà Nội,01,Huyện Thường Tín,279,Xã Văn Bình,10201,Xã,5.180,2.216,"11,478","3,021","3,071","3,376","3,553","3,553","3,535"
Thành phố Hà Nội,01,Huyện Thường Tín,279,Xã Hiền Giang,10204,Xã,3.242,1.485,"4,815","1,146","1,313","1,527","1,286","1,286","1,286"
Thành phố Hà Nội,01,Huyện Thường Tín,279,Xã Hồng Vân,10207,Xã,4.516,1.382,"6,241","1,681","1,760","1,876","1,960","1,960","1,942"
Thành phố Hà Nội,01,Huyện Thường Tín,279,Xã Vân Tảo,10210,Xã,5.126,2.208,"11,318","2,798","3,198","3,561","3,001","3,001","2,947"
Thành phố Hà Nội,01,Huyện Thường Tín,279,Xã Liên Phương,10213,Xã,2.702,3.178,"8,588","2,107","2,400","2,772","2,352","2,352","2,317"
Thành phố Hà Nội,01,Huyện Thường Tín,279,Xã Văn Phú,10216,Xã,3.229,2.525,"8,151","2,109","2,341","2,550","2,203","2,203","2,198"
Thành phố Hà Nội,01,Huyện Thường Tín,279,Xã Tự Nhiên,10219,Xã,6.406,1.503,"9,629","2,341","2,536","2,834","2,629","2,629","2,610"
Thành phố Hà Nội,01,Huyện Thường Tín,279,Xã Tiền Phong,10222,Xã,4.822,2.128,"10,264","2,846","2,799","3,138","2,966","2,966","2,958"
Thành phố Hà Nội,01,Huyện Thường Tín,279,Xã Hà Hồi,10225,Xã,3.984,2.665,"10,618","2,614","2,898","3,110","2,977","2,977","2,971"
Thành phố Hà Nội,01,Huyện Thường Tín,279,Xã Thư Phú,10228,Xã,2.496,2.599,"6,486","1,773","1,734","1,930","1,799","1,799","1,766"
Thành phố Hà Nội,01,Huyện Thường Tín,279,Xã Nguyễn Trãi,10231,Xã,5.974,1.630,"9,739","2,463","2,620","3,004","2,963","2,963","2,941"
Thành phố Hà Nội,01,Huyện Thường Tín,279,Xã Quất Động,10234,Xã,4.848,1.739,"8,432","2,044","2,283","2,590","2,413","2,413","2,413"
Thành phố Hà Nội,01,Huyện Thường Tín,279,Xã Chương Dương,10237,Xã,4.198,1.287,"5,403","1,409","1,408","1,599","1,537","1,537","1,504"
Thành phố Hà Nội,01,Huyện Thường Tín,279,Xã Tân Minh,10240,Xã,6.178,1.498,"9,255","2,385","2,501","2,775","2,577","2,577","2,557"
Thành phố Hà Nội,01,Huyện Thường Tín,279,Xã Lê Lợi,10243,Xã,5.060,1.606,"8,125","2,110","2,240","2,534","2,065","2,065","2,050"
Thành phố Hà Nội,01,Huyện Thường Tín,279,Xã Thắng Lợi,10246,Xã,5.999,1.599,"9,592","2,267","2,585","2,921","2,673","2,673","2,655"
Thành phố Hà Nội,01,Huyện Thường Tín,279,Xã Dũng Tiến,10249,Xã,6.217,1.378,"8,568","2,007","2,310","2,722","2,618","2,618","2,610"
Thành phố Hà Nội,01,Huyện Thường Tín,279,Xã Thống Nhất,10252,Xã,4.925,1.470,"7,238","1,844","1,874","2,193","2,087","2,087","2,070"
Thành phố Hà Nội,01,Huyện Thường Tín,279,Xã Nghiêm Xuyên,10255,Xã,5.711,1.072,"6,125","1,425","1,620","1,858","1,897","1,897","1,897"
Thành phố Hà Nội,01,Huyện Thường Tín,279,Xã Tô Hiệu,10258,Xã,5.536,2.237,"12,383","3,095","3,443","3,752","3,655","3,655","3,655"
Thành phố Hà Nội,01,Huyện Thường Tín,279,Xã Văn Tự,10261,Xã,5.171,1.838,"9,502","2,426","2,662","2,921","2,845","2,845","2,827"
Thành phố Hà Nội,01,Huyện Thường Tín,279,Xã Vạn Điểm,10264,Xã,3.059,2.654,"8,117","2,109","2,242","2,464","2,310","2,310","2,297"
Thành phố Hà Nội,01,Huyện Thường Tín,279,Xã Minh Cường,10267,Xã,4.699,2.029,"9,535","2,203","2,564","3,041","2,812","2,812","2,812"
Thành phố Hà Nội,01,Huyện Phú Xuyên,280,Thị trấn Phú Minh,10270,Thị trấn,1.218,4.384,"5,340","1,247","1,426","1,610","1,638","1,638","1,633"
Thành phố Hà Nội,01,Huyện Phú Xuyên,280,Thị trấn Phú Xuyên,10273,Thị trấn,6.857,1.650,"11,311","2,760","2,988","3,451","3,526","3,526","3,514"
Thành phố Hà Nội,01,Huyện Phú Xuyên,280,Xã Hồng Minh,10276,Xã,5.894,1.467,"8,648","2,194","2,368","2,671","2,367","2,367","2,361"
Thành phố Hà Nội,01,Huyện Phú Xuyên,280,Xã Phượng Dực,10279,Xã,6.538,1.456,"9,518","2,354","2,569","2,955","2,731","2,731","2,717"
Thành phố Hà Nội,01,Huyện Phú Xuyên,280,Xã Văn Nhân,10282,Xã,3.299,1.822,"6,010","1,412","1,608","1,814","1,767","1,767","1,756"
Thành phố Hà Nội,01,Huyện Phú Xuyên,280,Xã Thụy Phú,10285,Xã,3.198,0.844,"2,699",578,654,733,896,896,890
Thành phố Hà Nội,01,Huyện Phú Xuyên,280,Xã Tri Trung,10288,Xã,3.616,1.223,"4,423",944,"1,195","1,408","1,230","1,230","1,228"
Thành phố Hà Nội,01,Huyện Phú Xuyên,280,Xã Đại Thắng,10291,Xã,4.095,1.598,"6,543","1,526","1,787","2,162","1,941","1,941","1,935"
Thành phố Hà Nội,01,Huyện Phú Xuyên,280,Xã Phú Túc,10294,Xã,7.865,1.172,"9,215","2,184","2,577","3,058","2,651","2,651","2,642"
Thành phố Hà Nội,01,Huyện Phú Xuyên,280,Xã Văn Hoàng,10297,Xã,6.073,1.207,"7,329","1,833","1,962","2,297","1,812","1,812","1,812"
Thành phố Hà Nội,01,Huyện Phú Xuyên,280,Xã Hồng Thái,10300,Xã,8.976,0.865,"7,767","1,663","2,028","2,383","2,131","2,131","2,131"
Thành phố Hà Nội,01,Huyện Phú Xuyên,280,Xã Hoàng Long,10303,Xã,10.602,0.983,"10,425","2,320","2,846","3,252","2,954","2,954","2,952"
Thành phố Hà Nội,01,Huyện Phú Xuyên,280,Xã Quang Trung,10306,Xã,3.799,1.154,"4,385",882,"1,207","1,388","1,492","1,492","1,487"
Thành phố Hà Nội,01,Huyện Phú Xuyên,280,Xã Nam Phong,10309,Xã,3.740,1.440,"5,386","1,125","1,452","1,592","1,591","1,591","1,586"
Thành phố Hà Nội,01,Huyện Phú Xuyên,280,Xã Nam Triều,10312,Xã,6.062,1.099,"6,661","1,429","1,804","2,012","2,068","2,068","2,053"
Thành phố Hà Nội,01,Huyện Phú Xuyên,280,Xã Tân Dân,10315,Xã,7.552,1.273,"9,615","2,288","2,673","3,115","2,510","2,510","2,331"
Thành phố Hà Nội,01,Huyện Phú Xuyên,280,Xã Sơn Hà,10318,Xã,3.540,1.604,"5,676","1,393","1,559","1,829","1,760","1,760","1,755"
Thành phố Hà Nội,01,Huyện Phú Xuyên,280,Xã Chuyên Mỹ,10321,Xã,7.929,1.281,"10,154","2,547","2,713","3,161","2,871","2,871","2,851"
Thành phố Hà Nội,01,Huyện Phú Xuyên,280,Xã Khai Thái,10324,Xã,9.491,0.871,"8,265","1,724","2,184","2,520","2,459","2,459","2,443"
Thành phố Hà Nội,01,Huyện Phú Xuyên,280,Xã Phúc Tiến,10327,Xã,7.267,1.272,"9,244","2,125","2,541","2,860","2,904","2,904","2,869"
Thành phố Hà Nội,01,Huyện Phú Xuyên,280,Xã Vân Từ,10330,Xã,6.472,0.858,"5,556","1,269","1,500","1,711","1,714","1,714","1,703"
Thành phố Hà Nội,01,Huyện Phú Xuyên,280,Xã Tri Thủy,10333,Xã,5.693,1.764,"10,040","2,551","2,696","3,135","3,079","3,079","3,070"
Thành phố Hà Nội,01,Huyện Phú Xuyên,280,Xã Đại Xuyên,10336,Xã,9.174,0.949,"8,708","2,016","2,331","2,616","2,799","2,799","2,793"
Thành phố Hà Nội,01,Huyện Phú Xuyên,280,Xã Phú Yên,10339,Xã,4.196,1.331,"5,586","1,417","1,493","1,714","1,643","1,643","1,635"
Thành phố Hà Nội,01,Huyện Phú Xuyên,280,Xã Bạch Hạ,10342,Xã,5.915,1.135,"6,711","1,546","1,751","1,966","2,244","2,244","2,232"
Thành phố Hà Nội,01,Huyện Phú Xuyên,280,Xã Quang Lãng,10345,Xã,6.083,0.886,"5,389","1,337","1,389","1,621","1,539","1,539","1,530"
Thành phố Hà Nội,01,Huyện Phú Xuyên,280,Xã Châu Can,10348,Xã,8.282,1.219,"10,092","2,626","2,592","2,994","2,754","2,754","2,736"
Thành phố Hà Nội,01,Huyện Phú Xuyên,280,Xã Minh Tân,10351,Xã,8.005,1.660,"13,288","3,174","3,514","4,080","4,373","4,373","4,370"
Thành phố Hà Nội,01,Huyện Ứng Hòa,281,Thị trấn Vân Đình,10354,Thị trấn,5.620,2.552,"14,340","3,395","3,834","4,323","3,852","3,852","3,838"
Thành phố Hà Nội,01,Huyện Ứng Hòa,281,Xã Viên An,10357,Xã,4.670,1.582,"7,388","1,727","1,968","2,250","1,840","1,840","1,832"
Thành phố Hà Nội,01,Huyện Ứng Hòa,281,Xã Viên Nội,10360,Xã,4.490,0.980,"4,402",986,"1,108","1,309","1,385","1,385","1,377"
Thành phố Hà Nội,01,Huyện Ứng Hòa,281,Xã Hoa Sơn,10363,Xã,6.700,1.111,"7,443","1,871","1,944","2,335","2,112","2,112","2,087"
Thành phố Hà Nội,01,Huyện Ứng Hòa,281,Xã Quảng Phú Cầu,10366,Xã,8.610,1.445,"12,443","2,973","3,397","3,872","3,914","3,914","3,894"
Thành phố Hà Nội,01,Huyện Ứng Hòa,281,Xã Trường Thịnh,10369,Xã,5.810,1.249,"7,254","1,752","1,953","2,273","1,950","1,950","1,934"
Thành phố Hà Nội,01,Huyện Ứng Hòa,281,Xã Cao Thành,10372,Xã,3.880,1.052,"4,081",861,"1,026","1,157","1,268","1,268","1,264"
Thành phố Hà Nội,01,Huyện Ứng Hòa,281,Xã Liên Bạt,10375,Xã,8.100,0.881,"7,138","1,647","1,896","2,157","1,867","1,867","1,844"
Thành phố Hà Nội,01,Huyện Ứng Hòa,281,Xã Sơn Công,10378,Xã,6.520,0.932,"6,077","1,392","1,568","1,855","1,577","1,577","1,570"
Thành phố Hà Nội,01,Huyện Ứng Hòa,281,Xã Đồng Tiến,10381,Xã,6.600,1.172,"7,732","1,994","2,072","2,339","1,987","1,987","1,967"
Thành phố Hà Nội,01,Huyện Ứng Hòa,281,Xã Phương Tú,10384,Xã,10.520,1.248,"13,125","3,233","3,509","4,155","3,401","3,401","3,372"
Thành phố Hà Nội,01,Huyện Ứng Hòa,281,Xã Trung Tú,10387,Xã,9.860,0.789,"7,775","1,707","2,025","2,415","2,066","2,066","2,040"
Thành phố Hà Nội,01,Huyện Ứng Hòa,281,Xã Đồng Tân,10390,Xã,6.400,0.959,"6,138","1,338","1,732","1,893","1,777","1,777","1,769"
Thành phố Hà Nội,01,Huyện Ứng Hòa,281,Xã Tảo Dương Văn,10393,Xã,8.530,0.826,"7,049","1,581","1,859","2,220","1,810","1,810","1,806"
Thành phố Hà Nội,01,Huyện Ứng Hòa,281,Xã Vạn Thái,10396,Xã,5.960,1.751,"10,434","2,484","2,819","3,324","2,727","2,727","2,701"
Thành phố Hà Nội,01,Huyện Ứng Hòa,281,Xã Minh Đức,10399,Xã,8.690,0.653,"5,671","1,366","1,492","1,741","1,757","1,757","1,736"
Thành phố Hà Nội,01,Huyện Ứng Hòa,281,Xã Hòa Lâm,10402,Xã,9.490,0.700,"6,644","1,387","1,768","2,242","1,748","1,748","1,742"
Thành phố Hà Nội,01,Huyện Ứng Hòa,281,Xã Hòa Xá,10405,Xã,2.200,1.967,"4,328","1,007","1,116","1,210","1,224","1,224","1,217"
Thành phố Hà Nội,01,Huyện Ứng Hòa,281,Xã Trầm Lộng,10408,Xã,7.170,0.660,"4,733",957,"1,262","1,588","1,364","1,364","1,350"
Thành phố Hà Nội,01,Huyện Ứng Hòa,281,Xã Kim Đường,10411,Xã,8.700,0.806,"7,008","1,578","1,887","2,200","2,072","2,072","2,028"
Thành phố Hà Nội,01,Huyện Ứng Hòa,281,Xã Hòa Nam,10414,Xã,4.290,2.558,"10,975","2,664","3,012","3,517","2,804","2,804","2,786"
Thành phố Hà Nội,01,Huyện Ứng Hòa,281,Xã Hòa Phú,10417,Xã,6.370,1.173,"7,473","1,694","2,011","2,318","1,912","1,912","1,903"
Thành phố Hà Nội,01,Huyện Ứng Hòa,281,Xã Đội Bình,10420,Xã,7.890,1.054,"8,313","1,986","2,201","2,661","2,141","2,141","2,134"
Thành phố Hà Nội,01,Huyện Ứng Hòa,281,Xã Đại Hùng,10423,Xã,4.880,1.045,"5,099","1,160","1,382","1,604","1,447","1,447","1,440"
Thành phố Hà Nội,01,Huyện Ứng Hòa,281,Xã Đông Lỗ,10426,Xã,7.610,0.774,"5,889","1,378","1,566","1,790","1,629","1,629","1,623"
Thành phố Hà Nội,01,Huyện Ứng Hòa,281,Xã Phù Lưu,10429,Xã,4.650,1.237,"5,751","1,266","1,539","1,856","1,542","1,542","1,527"
Thành phố Hà Nội,01,Huyện Ứng Hòa,281,Xã Đại Cường,10432,Xã,4.920,0.964,"4,742","1,030","1,257","1,437","1,323","1,323","1,317"
Thành phố Hà Nội,01,Huyện Ứng Hòa,281,Xã Lưu Hoàng,10435,Xã,3.840,1.335,"5,125","1,097","1,428","1,644","1,421","1,421","1,414"
Thành phố Hà Nội,01,Huyện Ứng Hòa,281,Xã Hồng Quang,10438,Xã,5.210,1.209,"6,299","1,312","1,667","1,974","2,011","2,011","2,010"
Thành phố Hà Nội,01,Huyện Mỹ Đức,282,Thị trấn Đại Nghĩa,10441,Thị trấn,4.955,1.618,"8,015","1,915","2,178","2,529","1,393","2,177","2,166"
Thành phố Hà Nội,01,Huyện Mỹ Đức,282,Xã Đồng Tâm,10444,Xã,8.416,1.124,"9,459","2,416","2,563","2,927","1,553","2,614","2,601"
Thành phố Hà Nội,01,Huyện Mỹ Đức,282,Xã Thượng Lâm,10447,Xã,6.543,0.969,"6,337","1,776","1,657","1,877","1,027","1,748","1,748"
Thành phố Hà Nội,01,Huyện Mỹ Đức,282,Xã Tuy Lai,10450,Xã,20.477,0.667,"13,658","3,578","3,683","4,311","2,086","3,468","3,444"
Thành phố Hà Nội,01,Huyện Mỹ Đức,282,Xã Phúc Lâm,10453,Xã,4.904,1.796,"8,808","2,347","2,380","2,643","1,438","2,193","2,186"
Thành phố Hà Nội,01,Huyện Mỹ Đức,282,Xã Mỹ Thành,10456,Xã,3.890,0.967,"3,763",871,975,"1,199",718,"1,048","1,043"
Thành phố Hà Nội,01,Huyện Mỹ Đức,282,Xã Bột Xuyên,10459,Xã,5.809,1.401,"8,138","2,002","2,158","2,492","1,486","2,286","2,278"
Thành phố Hà Nội,01,Huyện Mỹ Đức,282,Xã An Mỹ,10462,Xã,6.066,0.985,"5,976","1,544","1,510","1,760","1,162","1,758","1,730"
Thành phố Hà Nội,01,Huyện Mỹ Đức,282,Xã Hồng Sơn,10465,Xã,17.040,0.468,"7,977","1,897","2,145","2,640","1,295","1,970","1,962"
Thành phố Hà Nội,01,Huyện Mỹ Đức,282,Xã Lê Thanh,10468,Xã,7.570,1.687,"12,770","3,473","3,418","4,008","1,871","3,085","3,048"
Thành phố Hà Nội,01,Huyện Mỹ Đức,282,Xã Xuy Xá,10471,Xã,5.333,1.795,"9,575","2,700","2,630","3,002","1,243","2,559","2,546"
Thành phố Hà Nội,01,Huyện Mỹ Đức,282,Xã Phùng Xá,10474,Xã,4.413,1.854,"8,181","2,013","2,202","2,478","1,488","2,264","2,247"
Thành phố Hà Nội,01,Huyện Mỹ Đức,282,Xã Phù Lưu Tế,10477,Xã,6.709,1.212,"8,132","2,068","2,120","2,368","1,576","2,354","2,335"
Thành phố Hà Nội,01,Huyện Mỹ Đức,282,Xã Đại Hưng,10480,Xã,6.987,1.071,"7,486","1,647","2,021","2,323","1,495","2,124","2,101"
Thành phố Hà Nội,01,Huyện Mỹ Đức,282,Xã Vạn Kim,10483,Xã,6.169,1.103,"6,804","1,619","1,717","2,096","1,372","2,055","2,032"
Thành phố Hà Nội,01,Huyện Mỹ Đức,282,Xã Đốc Tín,10486,Xã,3.447,1.310,"4,515",970,"1,266","1,396",883,"1,355","1,348"
Thành phố Hà Nội,01,Huyện Mỹ Đức,282,Xã Hương Sơn,10489,Xã,40.894,0.509,"20,806","4,919","5,773","6,717","3,397","5,961","5,939"
Thành phố Hà Nội,01,Huyện Mỹ Đức,282,Xã Hùng Tiến,10492,Xã,8.831,0.852,"7,528","1,838","2,017","2,411","1,262","2,109","2,090"
Thành phố Hà Nội,01,Huyện Mỹ Đức,282,Xã An Tiến,10495,Xã,9.781,0.700,"6,846","1,805","1,844","2,198",999,"1,959","1,958"
Thành phố Hà Nội,01,Huyện Mỹ Đức,282,Xã Hợp Tiến,10498,Xã,14.181,0.992,"14,071","3,652","3,869","4,566","1,984","3,634","3,619"
Thành phố Hà Nội,01,Huyện Mỹ Đức,282,Xã Hợp Thanh,10501,Xã,11.006,1.106,"12,172","3,237","3,314","3,933","1,688","2,900","2,845"
Thành phố Hà Nội,01,Huyện Mỹ Đức,282,Xã An Phú,10504,Xã,22.830,0.389,"8,884","2,455","2,466","2,922","1,041","2,145","2,145"
